IDM,TIPO_USUARIO,A4_AC,A5_AC,A6_AC,A20_AC,A21_AC,B9_AC,C3_AC,F8_AC,F11_AC,A4_NO,A5_NO,A6_NO,A20_NO,A21_NO,B9_NO,C3_NO,F8_NO,F11_NO
39,1,1;2;3;4;5,5,-,-,1,-,1;2;3;6;10;11;12;13,1,15,-,-,-,-,-,-,-,-,-
404,1,1;2;3;4;5,2,2,-,2,2,1;2;3;4;6;5;8;9;10;11;12;13,93,1;3;12;13,-,-,-,-,-,-,-,-,-
256,1,3;2;1;4;5,4,-,-,4,1,1;2;3;4;5;6;7;8;9;10;11;12;13;14;17,8,8;10;13;12,-,-,-,-,-,-,-,-,-
1741,2,-,-,-,-,-,-,-,-,-,1;2;3;4;5,3,90,-,4,4,3;4;5;6;10;11;12,1,1
1162,2,-,-,-,-,-,-,-,-,-,1;2;3;4;5,1,1,-,1,1;4;9,1;2;3;5;6;7;8;10;11;12;13;14;16;17,1,1;2;8;12;13
170,1,5;4;3;2;1,3,1,-,2,2,1;2;3;4;5;9;10;11;12;13;14;17,1,3,-,-,-,-,-,-,-,-,-
1229,2,-,-,-,-,-,-,-,-,-,1;2;3;4;5,1,1,-,1,10,1;2;3;4;5;6;9;10;11;12;14;17,1,13;12;8
1329,2,-,-,-,-,-,-,-,-,-,1;2;3;4;5,3,1,-,2,2,1;2;3;4;5;6;11;12;14;17,1,15
790,1,1;2;3;4;5,2,2,6,-,13,1;2;3;4;6;8;10;11;12;13;14;17,1,15,-,-,-,-,-,-,-,-,-
1440,2,-,-,-,-,-,-,-,-,-,1;2;3;4;5,1,2,-,1,1,1;2;3;6;7;10;13;14,1,1;2;3;8;12;13
1739,2,-,-,-,-,-,-,-,-,-,1;2;3;4;5,3,1;2,6,-,1,10;11;1;4;6;7;12;13;15;16;17,93,1;7;9;10;13
1332,2,-,-,-,-,-,-,-,-,-,1;2;4;5;3,3,90,-,1,3,1;2;3;4;5;6;7;8;9;10;11;12;13;14;16,1,1;3;4;9;10;11;12
1226,2,-,-,-,-,-,-,-,-,-,1;2;3;4;5,3,2,5;6,-,-,1;2;3;5;6;7;8;9;10;11;12;13;17,1,13;12;10;3;2;8
1122,2,-,-,-,-,-,-,-,-,-,1;2;3;4;5,3,3,-,1,1;2;3;4;8;9,1;2;3;4;5;6;7;8;10;12;13;17,1,1;2;3;6;7
1441,2,-,-,-,-,-,-,-,-,-,1;2;3;4;5,3,1,-,1,13,1;2;3;5;6;7;8;9;10;11;12;13;16;17;18,8,1;2;3
668,1,1;2;3;4;5,1,1,-,2,8,1;2;3;4;5;6;10;11;12;13;14;15,2,1;2;12;13,-,-,-,-,-,-,-,-,-
1333,1,1;2;3;4;5,1,2,-,1,1,1;2;3;5;6;8;9;10;11;12;13;16;17,1,1;2;8;9;12;13,-,-,-,-,-,-,-,-,-
1730,2,-,-,-,-,-,-,-,-,-,2;3;4;5,3,2,-,1,3,1;2;3;5;6;10;11;12;14;15,1,1;12;13
1227,2,-,-,-,-,-,-,-,-,-,1;2;3;4;5,3,2,-,4,8,2;3;4;6;7;8;9;10;12,1;2,15
1552,2,-,-,-,-,-,-,-,-,-,1;2;3;4;5,4,-,6;4,-,-,1;2;3;4;5;7;9;10;11;17;18,1,12;13
672,1,1;2;3;4;5,1,1,-,2,1,1;2;3;4;6;10;12;13,8,14,-,-,-,-,-,-,-,-,-
1219,2,-,-,-,-,-,-,-,-,-,1;2;3;4;5,3,3,2,-,-,1;2;3;4;5;6;8;10;11;12;13;17,1,1;12;13
1449,2,-,-,-,-,-,-,-,-,-,1;2;3;4;5,5,-,-,4,2,1;2;3;4;5;6;7;8;9;10;11;16;17,8,2;3
1047,2,-,-,-,-,-,-,-,-,-,1;3;2;5;4,3,90,-,1,8,1;2;3;5;8;10;11;13,1,15
1216,2,-,-,-,-,-,-,-,-,-,1;2;3;4;5,3,5,-,2,-,1;2;3;4;5;6;10;12;13;17,1,15
1716,2,-,-,-,-,-,-,-,-,-,1;2;3;4;5,2,2,-,1,1,1;2;4;5;6;9;10;11;12;13;16;17,1,3;8;9;10;11;12;13
55,1,5;3;4;2;1,3,1,-,1,-,1;2;3;4;10;12;13;14;15,1,1;2;3;12;13,-,-,-,-,-,-,-,-,-
322,1,1;2;3;4;5,3,1,-,5,3,1;2;3;4;5;6;7;8;9;10;11;12;13;14;17,1,1;2;3;6;12;13,-,-,-,-,-,-,-,-,-
1354,2,-,-,-,-,-,-,-,-,-,1;2;3;4;5,4,-,-,4,3,3;5;6;10;11;12;13;14,2,1;6;13
682,1,1;2;3;4;5,4,-,-,4,1,1;2;3;6;10;11;12;13;14,1,1;3;8;12;13,-,-,-,-,-,-,-,-,-
1711,2,-,-,-,-,-,-,-,-,-,1;2;3;4;5,4,-,-,1,-,1;2;3;5;6;13;12;11;10;9;8;7;16;17,1,3;4;8;9
1452,2,-,-,-,-,-,-,-,-,-,1;2;3;4,1,1,2,-,-,1;2;3;4;5;6;10;11;12;13,8,1;2;6;12
1163,2,-,-,-,-,-,-,-,-,-,1;2;3;4;5,4,-,-,1,3,1;2;3;4;5;6;8;10;11;12;13;14;15;17,1,1;2;3;8;9;10;12;13
1238,2,-,-,-,-,-,-,-,-,-,1;2;3;4;5,3,1,-,2,3;2,1;2;3;5;4;6;7;8;9;10;11;12;13;14;17,1,1;3;6;12;13
544,1,1;2;3;4;5,1,2,3;2;5;4,-,2,1;2;3;5;6;7;8;9;10;11;12;13;14;17,1,2;1;6;7,-,-,-,-,-,-,-,-,-
1457,2,-,-,-,-,-,-,-,-,-,1;2;3;4;5,4,-,-,4,-,1;2;3;4;5;6;7;8;9;10;11;12;13;14;16;17,1,1;2;3
1033,2,-,-,-,-,-,-,-,-,-,1;2;3;4;5,1,1,-,2,13,1;3;2;4;5;6;7;8;9;10,1,12;13
3,1,1;2;3;4;5,4,-,-,4,-,1;2;3;4;5;6;9;10;11;12;13;14;15;16;17,1,1;3;4;9;12;13,-,-,-,-,-,-,-,-,-
1239,2,-,-,-,-,-,-,-,-,-,1;2;3;4;5,3,1,-,3;2,8,1;2;3;6;7;8;10;11;12;17,93,1;2;13
49,1,1;2;3;4;5,4,-,-,4,1;3;4;8;9,1;2;3;4;5;6;7;10;12,1,15,-,-,-,-,-,-,-,-,-
133,1,5;4;2;3;1,1,1,4,-,-,3;2;1;6;5;4;8;10;9;13;12;11;16;14,1,1;2;3;9;13;12,-,-,-,-,-,-,-,-,-
1093,2,-,-,-,-,-,-,-,-,-,1;2;3;4;5,3,1,-,1,8,1;2;3;4;6;9;11;16,2,8;13
342,1,1;2;3;4;5,1,5,-,1,1,1;3;4;5;6;8;10;11;12;13;14;16;17;18,1,1;2;9;13,-,-,-,-,-,-,-,-,-
22,1,1;2;3;4;5,4,-,-,4,2,1;2;3;4;5;6;11;13,1,3;12;13,-,-,-,-,-,-,-,-,-
1131,2,-,-,-,-,-,-,-,-,-,2;3;4;5,3,1,-,1,1,1;2;3;4;5;6;7;8;9;10;11;12;13;14;17,1,2;3
1343,2,-,-,-,-,-,-,-,-,-,1;2;3;5;4,1,1,-,1,3,4;5;6;7;11;10;12;14;16,1,1;2;6;9;12;13
1142,2,-,-,-,-,-,-,-,-,-,1;2;3;4;5,3,1,-,1,13,11;10;9;8;7;5;6;4;3;2;14;15;16,1,1;2;3;12
35,1,1;2;3;4;5,1,90,-,1,-,1;2;3;4;5;11;12;13;16,1,3;9;12,-,-,-,-,-,-,-,-,-
1244,2,-,-,-,-,-,-,-,-,-,1;2;3;4;5,3,90,1,-,3;2,2;3;4;6;7;8;10;11;12;13;14;17,1,6
700,1,1;2;3;4;5,4,-,-,4,-,1;2;3;6;7;9;10;11;12;13;17,1,1;2;3,-,-,-,-,-,-,-,-,-
45,1,1;2;3;4;5,4,-,-,4,3,2;3;4;5;6;10;11;12;14,93,3;6;8;9;12,-,-,-,-,-,-,-,-,-
346,1,2;3;4;5,3,1,-,1,1,1;2;3;5;6;7;8;9;10;11;12;13;14;16;17,1,13,-,-,-,-,-,-,-,-,-
1701,2,-,-,-,-,-,-,-,-,-,1;2;3;4;5,3,90,-,4,4,2;3;6;10;11;12;13;17,93,15
1005,2,-,-,-,-,-,-,-,-,-,1;2;3;4;5,3,4,4,-,8,1;2;3;4;5;6;7;8;10;11;12;13;14;15,1,8;7;6;5;4;3;2;1;12;13
30,1,1;2;3;4;5,1,1,1;2,-,2,1;2;3;4;5;6;7;8;10;11;12;13;14;15;16,1,12;13,-,-,-,-,-,-,-,-,-
62,1,1;2;3;4;5,4,-,-,4,3,1;2;3;5;6;7;10;12;13;14;16,1,1;12,-,-,-,-,-,-,-,-,-
1016,2,-,-,-,-,-,-,-,-,-,5;1;2;3;4,3,90,-,4,13,1;2;3;6;9;12;11,1;2,12
479,1,1;2;3;4;5,2,2,-,5,1,1;2;3;5;4;6;7;10;11;12;13;17,8,3;12;13,-,-,-,-,-,-,-,-,-
1300,2,-,-,-,-,-,-,-,-,-,1;2;3;4;5,3,1,-,1,3,1;2;3;4;5;6;10;11;12;13;14,1,1
329,1,1;2;3;4;5,3,90,-,4,2,1;2;3;4;5;6;10;12;14,93,13,-,-,-,-,-,-,-,-,-
1509,2,-,-,-,-,-,-,-,-,-,1;2;3;4;5,3,1,-,1,13,1;2;3;4;5;6;10;11;12;13,1,1;10;12;13
412,1,1;2;3;4;5,3,1,-,2,13,1;2;4;3;5;6;7;10;11;12;13;14;17;18,2,3,-,-,-,-,-,-,-,-,-
1581,2,-,-,-,-,-,-,-,-,-,2;1;3;4;5,1,1,-,2,2;4,1;2;3;5;6;7;8;10;11;12;13,93,12;13;14
804,1,1;2;3;5;4,4,-,-,2,3,1;2;3;4;5;6;7;8;9;10;11;12;13;14;15;16;17,1,1;3;8;12,-,-,-,-,-,-,-,-,-
1368,2,-,-,-,-,-,-,-,-,-,1;2;3;4;5,3,3,3,-,-,1;2;3;5;6;7;10;11;12;13;14;17,93,1;3;12;13
1507,2,-,-,-,-,-,-,-,-,-,1;2;3;4;5,3,90,-,4,13,1;2;3;4;5;6;7;8;9;10;11;12;13;14;16;17,2,5
759,1,1;2;3;4;5,3,90,3,-,3,2;3;6;10;11;12;13,8,1;3;6;13,-,-,-,-,-,-,-,-,-
138,1,5;4;3;2;1,4,-,-,1,-,3;2;1;6;5;4;10;12;11;13;16;17,1,1;2;3;8;9;12;13,-,-,-,-,-,-,-,-,-
1687,2,-,-,-,-,-,-,-,-,-,5;4,1,1;2,1;3;4;5,-,1,2;3;4;6;10;11;12,5,15
1197,2,-,-,-,-,-,-,-,-,-,1;2;3;4;5,1,2,-,2,1;3,1;2;3;4;5;6;7;8;9;10;11;12;13;17,1,1
1467,2,-,-,-,-,-,-,-,-,-,1;2;3;4;5,3,1,-,1,4,1;2;3;4;5;6;7;8;9;10;11;12;13;14;16;17,1,1;2;3
1307,2,-,-,-,-,-,-,-,-,-,1;2;3;4;5,1,1,-,1,-,1;2;3;4;5;6;10;11;12;13,2;3,15
814,1,1;2;3;4;5,2,2,3,-,4,1;2;3;6;10;12,1,10;13,-,-,-,-,-,-,-,-,-
686,1,1;2;3;4;5,2,1,-,2,-,1;2;3;5;6;8;9;10;11;12;13;17,1,1;2;3;14,-,-,-,-,-,-,-,-,-
135,1,1;2;3;4;5,1,2,-,1,-,3;2;1;6;5;8;10;9;11;12;13;17,1,3;12,-,-,-,-,-,-,-,-,-
623,1,1;2;3;5,1,1,-,2,3,2;3;6;10;11;12,93,12,-,-,-,-,-,-,-,-,-
369,1,1;2;3;4;5,1,90,-,2,1;3;2,2;3;6;8;10;11;12;14;15,93,3;12,-,-,-,-,-,-,-,-,-
1469,2,-,-,-,-,-,-,-,-,-,1;2;3;4;5,3,1,6,-,-,1;2;3;4;6;7;8;9;10;11;12;13;17,1,1
1514,2,-,-,-,-,-,-,-,-,-,1;2;3;4;5,1,1,-,1,-,1;2;3;5;6;7;8;10;11;12;13;15;17,1,5
767,1,1;2;3;4;5,1,6,-,2,4,1;2;3;5;10;12;13,1,2;3,-,-,-,-,-,-,-,-,-
251,1,5;4;3;2;1,3,1,-,1,-,1;2;3;4;5;6;8;7;9;10;11;12;13;14;16,1,8;9;13,-,-,-,-,-,-,-,-,-
1673,2,-,-,-,-,-,-,-,-,-,1;2;3;4;5,4,-,-,1,1,1;2;3;4;6;7;8;9;10;11;12;13;14;17,93,15
1605,2,-,-,-,-,-,-,-,-,-,1;2;3;4;5,3,2;5,-,2;4,3;8;2,2;3;4;6;10;11;12;13;14,1,2;3;6;7;12;13
1388,2,-,-,-,-,-,-,-,-,-,5,3,90,-,4,3,1;2;3;4;5;6;10;12;13;17,1,2
1474,2,-,-,-,-,-,-,-,-,-,1;2;3;4;5,3,1,-,2,-,2;3;4;5;6;10;11;12;13;16,1,1;2;3;6;8;9
769,1,1;2;3;4;5,4,-,-,4,3,1;2;3;5;6;10;11;12;14,1,3;6;8;12,-,-,-,-,-,-,-,-,-
372,1,2;3;4;5,3,90,-,4,8,1;2;3;4;5;6;10;11;12;13;14,2,3,-,-,-,-,-,-,-,-,-
618,1,1;2;3;4;5,1,1,-,2,1,1;2;3;5;6;10;11;12;13;14;16;17,8,3;6;12;13,-,-,-,-,-,-,-,-,-
1520,2,-,-,-,-,-,-,-,-,-,2;1;3;4;5,1,1,-,2,8;2,1;3;5;6;7;10;11;12,1,1
1717,2,-,-,-,-,-,-,-,-,-,1;2;3;4;5,4,-,-,4,3,3;6;10;12;17,93,15
716,1,1;2;3;4;5,3,1,-,1,4,2;3;4;6;10;11;12;13;14,1,2;3;8;12;13,-,-,-,-,-,-,-,-,-
1195,2,-,-,-,-,-,-,-,-,-,1;2;3;4;5,1,1,-,2,1,1;2;3;4;5;6;7;8;9;10;11;12;13;14;16;17,1,1
20,1,1;2;3;4;5,4,-,-,4,8,1;2;3;5;6;10;11;12;14,1,1;3;8,-,-,-,-,-,-,-,-,-
444,1,1;2;3;4;5,4,-,6,-,13,1;2;3;5;6;9;10;11;12;13;14,1,2;1;3,-,-,-,-,-,-,-,-,-
1484,2,-,-,-,-,-,-,-,-,-,1;2;3;4;5,4,-,-,4,1,1;3;6;10;12;14,1,1;7
1664,2,-,-,-,-,-,-,-,-,-,1;2;3;4;5,4,-,-,4,-,1;2;3;4;5;6;7;9;10;11;12;13;14;17,8,1;13
674,1,1;2;3;4;5,2,1;2,-,1,3;8,1;10;11;12;13;16;17,1,1;2;8;9;10;11;12;13,-,-,-,-,-,-,-,-,-
21,1,1;2;3;4;5,4,-,-,4,13,1;2;3;5;6;10;12;14;15,1,2;3;4;6,-,-,-,-,-,-,-,-,-
1068,2,-,-,-,-,-,-,-,-,-,1;2;3;4;5,1,2,-,1,13,1;2;3;4;6;10;13;14;15,1,1;3;9;10
1139,2,-,-,-,-,-,-,-,-,-,1;2;3;4;5,3,1,-,1,3,1;2;3;4;5;6;7;9;10;11;12;13;16;17,1,1;13
648,1,1;2;3;4;5,3,1,-,2,3;4,1;2;3;5;6;10;12;17,2,3;13,-,-,-,-,-,-,-,-,-
1083,2,-,-,-,-,-,-,-,-,-,1;2;3;4;5,3,90,-,2,8,1;3;5;6;10;11;12,1,15
1643,2,-,-,-,-,-,-,-,-,-,1;2;3;4;5,1,2,-,2,1,1;2;3;6;8;9;10;11;12;13;17,8,1;2;3;7;10;12;13
1085,2,-,-,-,-,-,-,-,-,-,5;4;3;2,4,-,6,-,8,1;2;3;4;6;10,8,1
1183,2,-,-,-,-,-,-,-,-,-,1;2;3;4;5,3,3,-,2,-,1;2;3;4;5;6;7;8;9;10;11;12;13;14;17,8,12;13
1486,2,-,-,-,-,-,-,-,-,-,2;3;4;5,4,-,-,3,3,1;2;3;8;10;11;12;13;17,8,2;3
1092,2,-,-,-,-,-,-,-,-,-,1;2;3;4;5,4,-,-,4,-,1;2;3;5;6;7;8;10;11;12;13;17,1,1
723,1,1;2;3;4;5,4,-,-,4,-,1;2;3;4;5;6;10;11;12;17,93,1;2;3;13,-,-,-,-,-,-,-,-,-
824,1,1;2;3;4;5,1,1,-,1,13,1;3;2;4;5;6;7;8;9;10;11;12;13;16;17,93,15,-,-,-,-,-,-,-,-,-
1394,2,-,-,-,-,-,-,-,-,-,1;2;3;5;4,3,90,-,4,8;2,1;2;3;4;5;6;8;10;11;12;13;14;16;17;18,1,1;6
1102,2,-,-,-,-,-,-,-,-,-,1;2;3;4;5,2,4;1,-,1,8,1;2;3;4;5;6;7;9;8;10;11;12;14;13;18;16,8,6;7;8;9;10;13
1496,2,-,-,-,-,-,-,-,-,-,1;2;3;4;5,4,-,6,-,4,1;2;3;4;5;6;7;8;9;10;11;12;13;15,1,1
827,1,1;2;3;4;5,2,1,-,1,13,1;2;3;4;6;7;10;11;12;13;15;17,1,2;10;12,-,-,-,-,-,-,-,-,-
1706,2,-,-,-,-,-,-,-,-,-,5;4;3;1;2,3,90,-,1,4,1;3;5;6;7;10;11;12;13;17,93,15
48,1,5;4;3;2;1,4,-,-,4,8;9,1,1,15,-,-,-,-,-,-,-,-,-
729,1,1;2;3;4;5,3,90,-,2,3;4,1;2;3;5;6;10;11;12;13;16;17,1,8,-,-,-,-,-,-,-,-,-
1107,2,-,-,-,-,-,-,-,-,-,1;2;3;4;5,3,1,2,-,-,1;2;3;6;5;4;10;11,1,15
1206,2,-,-,-,-,-,-,-,-,-,1;2;3;4;5,1,1;2,-,3;2,1;3;4,1;2;3;5;6;7;8;9;10;11;12;13;16;17,8,1;2;3;10
101,1,2;1;3;4;5,3,1,1;4,-,8;3,1;2;3;4;5;6;7;8;9;10;11;12;13;14;15;16;18,1,2;3;8,-,-,-,-,-,-,-,-,-
1252,2,-,-,-,-,-,-,-,-,-,1;2;3;5;4,3,1,2;3,-,13,1;2;3;4;5;6;7;8;9;10;11;12;13;15;16;17,1,1;13;9
477,1,1;2;3;4;5,4,-,-,4,4,1;2;3;4;5;7;6;8;9;10;11;12;13;16,93,2;7,-,-,-,-,-,-,-,-,-
1108,2,-,-,-,-,-,-,-,-,-,2;3;4;5,4,-,-,1,7,1;2;3;4;5;6;8;10;11;12;13;14;17,1,3
382,1,1;2;3;4;5,1,90,4,-,1,1;2;3;5;6;7;8;10;12;11;13;14;16;17,1,1;4;8;9;10;13,-,-,-,-,-,-,-,-,-
733,1,1;2;3;4;5,1,1;2,-,1,3;4,1;2;3;5;6;8;10;11;12;13;14;17,1,1;6;8;12,-,-,-,-,-,-,-,-,-
1438,2,-,-,-,-,-,-,-,-,-,1;2;3;4;5,3,5,-,1,-,1;2;3;4;5;6;7;8;9;10;11;12;13;14;15;17,1,1;2;3;5;7;8;12
564,1,1;2;3;4;5,1,1,-,2,3,1;2;3;4;5;6;7;8;10;11;12;13;14;17,1,15,-,-,-,-,-,-,-,-,-
1094,2,-,-,-,-,-,-,-,-,-,1;2;3;4;5,1,5,2,-,13,1;2;3;6;10;12;17,1,1;10;12;13
1110,2,-,-,-,-,-,-,-,-,-,1;2;3;4;5,5,-,-,5,-,1;2;3;4;6;10;12,1,1
1308,2,-,-,-,-,-,-,-,-,-,1;3;4;5,1,2,-,1,-,1;2;3;4;5;6;8;10;11;12;13;16,1,1;2;3;4;12;13
1331,2,-,-,-,-,-,-,-,-,-,1;2;3;5;4,3,90,-,1,3,1;6;8;12,1,2;3;12
1667,2,-,-,-,-,-,-,-,-,-,3;2;1;4;5,3,2,2;4,-,3;4,10;17,2,1;7;10;12;13
1211,2,-,-,-,-,-,-,-,-,-,1;2;3;4;5,4,-,-,1,1;3,2;3;5;6;7;8;10;11;12;13;14;16;17,1,1;2;3;4;12;13
1463,2,-,-,-,-,-,-,-,-,-,1;2;3;4;5,2,2,-,1,3,1;2;3;4;5;6;7;8;10;11;12;13;14;16;17,2,1;5;9;10;11;12;13
839,1,1;2;3;4;5,1,1,-,1,13,1;2;4;6;7;10;12;17,93,15,-,-,-,-,-,-,-,-,-
52,1,2;1;3;4;5,1,1,3;4,-,1,1;2;3;5;6;7;8;10;9;11;12;13;14;15;16;17;18,1,9;12,-,-,-,-,-,-,-,-,-
1113,2,-,-,-,-,-,-,-,-,-,1;2;3;4;5,1,6,-,1,-,1;2;5;6;8;10;11;12;13;14;15,93,13
538,1,1;2;3;4;5,3,1,-,2,1,1;2;3;4;5;6;7;8;9;10;11;12;14;17;18,1,15,-,-,-,-,-,-,-,-,-
1315,2,-,-,-,-,-,-,-,-,-,1;2;3;4;5,3,4,6,-,-,1;2;3;4;5;6;7;10;12;13;14,1,1;3;13
463,1,1;3;2;4;5,2,2,-,1;2,3;13,1;2;3;4;6;7;8;10;12;13;15;17,93,8;11;12,-,-,-,-,-,-,-,-,-
1349,2,-,-,-,-,-,-,-,-,-,1;2;5;3;4,4,-,-,2,-,1;2;3;5;6;7;8;10;12;13;14;17,1,15
1644,2,-,-,-,-,-,-,-,-,-,5;4;3;2;1,4,-,2,-,3,2;3;5;6;10;11;12;14;16,1,1;2;3
1155,2,-,-,-,-,-,-,-,-,-,1;2;3;4;5,3,1,-,1,1;3;5;8;11,1;2;3;4;5;6;8;9;10;11;12;13;16;17,1,1;5;8;9;10;12;13
751,1,1;2;3;4;5,1,2,4;5,-,13,1;3;2;4;5;6;7;8;9;10;11;12;13;14;16;17,93,1;3;4;8;9;10;12;13,-,-,-,-,-,-,-,-,-
1322,2,-,-,-,-,-,-,-,-,-,2,1,90,6,-,-,1;2;3;4;6;8;9;10;11;12;13;17,1,15
1173,2,-,-,-,-,-,-,-,-,-,1;2;3;4;5,3,5,-,1,1;3;4;9,1;2;3;4;5;6;7;8;9;10;11;12;13;15;16;17,1,1;2;3
1367,2,-,-,-,-,-,-,-,-,-,1;2;3;4;5,2,3,3;2,-,3,6;10;11;13,1,1;2;3
718,1,1;2;3;4;5,1,2,-,2,-,1;2;3;5;6;10;12;13;16;17,1,1;3;8;9;12,-,-,-,-,-,-,-,-,-
852,1,1;2;3;4;5,2,2,-,2,2,1;2;3;5;6;9;10;11;12;13;15;14;17,93,12;1,-,-,-,-,-,-,-,-,-
1323,2,-,-,-,-,-,-,-,-,-,2;3;1;4;5,4,-,-,5,-,1;2;3;4;5;6;7;9;10;11;12;13;14;16;17,1,15
1500,2,-,-,-,-,-,-,-,-,-,1;2;3;4;5,3,2,4;6,-,13,1;2;3;4;5;6;9;10;11;12;14;17,1,12
1141,2,-,-,-,-,-,-,-,-,-,1;2;3;4;5,1,1,1;2;3;4;5,-,3;4;8,1;2;3;4;5;6;7;8;10;11;12;13;17,7,15
1034,2,-,-,-,-,-,-,-,-,-,1;2;3;4;5,1,1,-,2,8,1;2;3;4;6;10;11;12;13;17,93,1
1406,2,-,-,-,-,-,-,-,-,-,1;2;3;4;5,3,90,-,1,-,1;2;3;4;6;5;7;8;9;10;11;12;16;17,1,1;3;9
569,1,1;2;3;4;5,1,1,4,-,8,1;2;3;4;5;6;9;14;13;12;11;10;8,1,1;9,-,-,-,-,-,-,-,-,-
1448,2,-,-,-,-,-,-,-,-,-,1;2;3;4;5,4,-,-,1,3,3;5;6;7;8;9;10;11;12;13;17,8,1
1431,2,-,-,-,-,-,-,-,-,-,1;2;3;4;5,1,1,-,1,1;8,1;2;3;4;6;7;8;5;9;10;12;16;17,93,2;9
857,1,1;2;3;4;5,2,1,-,2;4,13,1;2;3;4;5;6;7;8;9;10;11;12;13;16;17;18,1;3;2,8,-,-,-,-,-,-,-,-,-
1301,2,-,-,-,-,-,-,-,-,-,2;1;3;4;5,1,3,6,-,-,2;3;6;10;12,93,15
1312,2,-,-,-,-,-,-,-,-,-,1;2;3;4;5,3,1,-,1,-,1;3;2;4;5;6;7;8;9;10;11;12;13;14;17,1,1
1548,2,-,-,-,-,-,-,-,-,-,1;2;4;5,4,-,-,4,3;7,1;2;3;4;6;10;12;17,1;2,1;13
383,1,1;2;3;4;5,4,-,-,4,1,1;2;3;4;5;6;8;9;10;11;12;13;16;17;18,8,1;2;12,-,-,-,-,-,-,-,-,-
601,1,1;2;3;4;5,4,-,6,-,3,1;2;3;4;5;6;8;10;11;12;13;17,1,1;3,-,-,-,-,-,-,-,-,-
878,1,5;4;3;2;1,4,-,-,4,2,1;2;3;5;7;6;9;10;12;13,93,1;3;13,-,-,-,-,-,-,-,-,-
1422,2,-,-,-,-,-,-,-,-,-,1;2;3;4;5,3,1,-,4,2;3,1;2;3;10;11;12;14,1,1;3
1202,2,-,-,-,-,-,-,-,-,-,2;3;4;5,1,2,6,-,-,1;2;3;4;5;6;7;9;10;11;12;13;14;15;16;17;18,7,1;8;10;12;13
673,1,1;2;3;4;5,1,1;2,-,2,4,1;2;3;4;5;6;8;9;10;11;12;13;14;18,1,6;9;12,-,-,-,-,-,-,-,-,-
1612,2,-,-,-,-,-,-,-,-,-,1;2;3;4;5,2,1,-,2,3;2;4;7;8,1;2;3;5;6;9;10;12,93,2
1171,2,-,-,-,-,-,-,-,-,-,1;2;3;4;5,3,1,-,1,3;9;8,1;2;3;4;6;10;11;12;13;17;18,1,1;3;4;5;8;10;12;13
1366,2,-,-,-,-,-,-,-,-,-,1;2;3;4;5,2,2,-,1,4,1;2;3;4;5;6;7;8;10;11;12;14;16;17,1,4
1458,2,-,-,-,-,-,-,-,-,-,1;2;3;4;5,4,-,-,4,3,1;2;3;4;5;6;7;8;9;10;11;12;13;14;15;16;17;18,8,1;9
50,1,1;2;3;4;5,3,1,-,1,-,1;2;3;4;5;6;10;12,1,1,-,-,-,-,-,-,-,-,-
1468,2,-,-,-,-,-,-,-,-,-,1;2;3;4;5,4,-,1,-,-,1;2;3;4;5;6;7;8;9;10;11;12;13;14;17,8,1;3;8
614,1,1;2;3;4;5,4,-,-,1,3,1;2;3;4;6;7;8;9;10;11;12;13;14;17,2,1;3,-,-,-,-,-,-,-,-,-
1004,2,-,-,-,-,-,-,-,-,-,1;2;3;4;5,4,-,5,-,8,1;3;2;5;4;6;10;11;12;13,1,1;3;12
583,1,1;2;3;4;5,1,2,3,-,9,2;3;6;7;10;12;13;14,1,15,-,-,-,-,-,-,-,-,-
1129,2,-,-,-,-,-,-,-,-,-,1;2;3;4;5,3,90,-,4,1;2;3;4;8,3;4;10;12;17,1,13
1154,2,-,-,-,-,-,-,-,-,-,1;2;3;4;5,1,90,2;4;6,-,1;3;8,1;2;3;4;5;6;9;10;12;16;17,2;1,1;6;7;9
853,1,1;2;3;4;5,2,2,-,2,2,1;2;3;6;10;12;11;17,8,3,-,-,-,-,-,-,-,-,-
1101,2,-,-,-,-,-,-,-,-,-,1;2;3;4;5,4,-,4,-,8,6;5;4;3;2;1;8;10;11;12;15;14;13,1,1;2;9;13
1189,2,-,-,-,-,-,-,-,-,-,1;2;3;4;5,4,-,-,4,1;3;4;8,1;2;3;4;6;10;12;13,1,1;2;3;12;13
596,1,1;2;3;4;5,1,2,6,-,2,1;2;3;5;6;10;14;17,1,15,-,-,-,-,-,-,-,-,-
597,1,1;2;3;4;5,2,1;2,5;3,-,3;2;1;4,1;2;3;4;8;10;6;11;14,1,8,-,-,-,-,-,-,-,-,-
1057,2,-,-,-,-,-,-,-,-,-,1;2;3;4;5,6,-,-,1,8,1;2;3;4;5;10;12,1,14
1325,2,-,-,-,-,-,-,-,-,-,1;2;3;4;5,4,-,-,4,-,2;3;4;5;10;11;12;14;15,1,1;3;8;13
1678,2,-,-,-,-,-,-,-,-,-,1;2;3;5;4,1,1,-,1,1,1;2;3;4;5;6;7;8;9;10;11;12;13;14;16;17,1,1
805,1,1;2;3;4;5,1,1,2,-,1,1;2;3;4;5;6;7;8;9;10;11;12;13;16;17,1,1;3;8;9;10;12,-,-,-,-,-,-,-,-,-
494,1,1;2;3;4;5,3,2;3,-,1,1,1;2;3;4;5;6;7;8;10;11;12;13;14;17;18,93,1;4;10;12,-,-,-,-,-,-,-,-,-
1616,2,-,-,-,-,-,-,-,-,-,1;2;3;4;5,1,1,-,5,1;9,1;2;3;5;6;7;8;9;10;11;12;13;14;16;17;18,8,1;3;12;13
1527,2,-,-,-,-,-,-,-,-,-,1;2;3;4;5,3,1,-,1,-,1;2;3;4;5;6;7;8;9;10;11;12;13;14;18,1,1
1682,2,-,-,-,-,-,-,-,-,-,1;2;3;4;5,1,1,-,1,7;1,1;2;3;4;5;6;8;10;11;12;14;15;17,93,15
1058,2,-,-,-,-,-,-,-,-,-,1;2;3;4;5,3,1,3;4,-,13,1;2;3;4;5;6;7;10;11;12;13;14;15;18,2,1;3;8;9;13;12
267,1,2;3;4;5,3,1;2,-,1,8,1;2;3;5;4;6;7;8;9;10;11;12;13;17,8,1;3;8;10;12;13,-,-,-,-,-,-,-,-,-
1618,2,-,-,-,-,-,-,-,-,-,1;2;3;4;5,1,1,2,-,9;4;5;8,1;2;3;4;5;6;7;10;11;12;13;14;16,1,1;2;3;8
605,1,1;2;3;4;5,1,1,-,1,11;1,1;2;3;4;5;6;8;9;10;11;17,1,1;13,-,-,-,-,-,-,-,-,-
784,1,1;2;3;4;5,3,90,-,2,13,1;2;3;4;5;9;10;11;12;13;14,1,1;3;7;8;12;13,-,-,-,-,-,-,-,-,-
1403,2,-,-,-,-,-,-,-,-,-,1;2;3;4;5,1,1,6,-,-,1;2;3;4;5;6;7;8;9;10;11;12;13;14,93,13
1690,2,-,-,-,-,-,-,-,-,-,4;5;3;2;1,2,1;2,4;5,-,3,1;2;3;4;5;6;7;10;11;12;14;17,93,1;12;10
598,1,1;2;3;4;5,1,2,-,2,8;4,1;2;3;5;4;6;10;11;12;17,93,13,-,-,-,-,-,-,-,-,-
830,1,1;2;3;4;5,1,2,-,1,1,1;2;3;4;6;7;9;10;12;13;16;17,93,15,-,-,-,-,-,-,-,-,-
753,1,1;2;3;4;5,4,-,-,4,-,2;3;5;6;10;11;12;13,93,1;2;7,-,-,-,-,-,-,-,-,-
1697,2,-,-,-,-,-,-,-,-,-,4;5;3;2;1,4,-,-,2,1,1;2;3;4;5;6;7;8;9;10;11;12;13;16;17,8,1;2;3;7;8;9;10;11;12;13
1019,2,-,-,-,-,-,-,-,-,-,1;2;3;4;5,3,1,-,1,-,1;2;3;4;5;6;10;12;14;13,8,1
518,1,1;2;3;4;5,3,90,-,4,-,2;3;4;5;6;10;11;12;13;14;15,1,7;9;11,-,-,-,-,-,-,-,-,-
1510,2,-,-,-,-,-,-,-,-,-,1;2;3;4;5,4,-,-,4,-,2;3;4;5;6;10;11;12;14,1,1;12
1095,2,-,-,-,-,-,-,-,-,-,1;2;3;4;5,3,2,-,5,8,1;2;3;4;6;10;12;14,1,3;10;12;13
1551,2,-,-,-,-,-,-,-,-,-,2;3;1;4;5,1,1,-,1,-,1;2;3;4;5;6;7;8;10;11;12;13;17,8,1;10;12;13
1708,2,-,-,-,-,-,-,-,-,-,1;2;3;4;5,2,1;2,-,1,1,1;2;3;6;7;8;9;10;11;12;13;14;15;16;17,1,1
520,1,2;3;4;5,2,2,4,-,-,1;2;3;4;5;6;9;10;11;12;13;17,1,1;2;3;8,-,-,-,-,-,-,-,-,-
445,1,1;2;3;4;5,4,-,6,-,3,1;2;3;4;5;6;10;12;17;18,1,3,-,-,-,-,-,-,-,-,-
1246,2,-,-,-,-,-,-,-,-,-,4;5;3;2;1,1,3,2,-,1,1;2;3;5;6;7;8;9;10;11;12;13;16;17,8,2;3;9;10;12;13
485,1,1;2;3;4;5,3,1,-,1;4,2,1;2;3;5;6;7;10;11;12;13;14;17,2,3,-,-,-,-,-,-,-,-,-
782,1,1;2;3;4;5,1,2,6,-,3,1;2;3;4;5;6;8;10;12;16;17,8,15,-,-,-,-,-,-,-,-,-
1416,2,-,-,-,-,-,-,-,-,-,1;2;4;3;5,3,2,-,1,2,1;2;3;5;6;7;8;9;10;11;12;13;14;17,93,1;2;3
1250,2,-,-,-,-,-,-,-,-,-,3,1,1,-,2,12,1;2;3;5;6;10;12,93,12
1535,2,-,-,-,-,-,-,-,-,-,1;2;3;4;5,3,1,3,-,-,1;2;3;4;6;9;10;11;12;13;14;15;17,4,1;3;9;12;13
273,1,1;2;3;4;5,1,2,-,2,1,2;1;3;4;5;6;7;8;9;10;11;12;13;17;16,93,15,-,-,-,-,-,-,-,-,-
70,1,1;2;3;4;5,4,-,2;4;5,-,3;2;9,1;2;3;5;6;7;8;10;11;12;13;14;17,93,3;12;13,-,-,-,-,-,-,-,-,-
1727,2,-,-,-,-,-,-,-,-,-,1;2;3;4;5,3,90,-,1,-,17;15;14;13;12;11;10;9;8;7;1;2;3;5;6,1,15
324,1,2;1;4;5,1,90,-,1,1,1;2;3;4;5;6;9;10;11;12;13;14;17,1,15,-,-,-,-,-,-,-,-,-
1512,2,-,-,-,-,-,-,-,-,-,2;3;4;5,3,1,-,1,13,1;2;3;4;5;6;7;9;10;11;12;13;14;16;17,1,1
1444,2,-,-,-,-,-,-,-,-,-,1;2;3;4;5,4,-,3;6,-,3,1;2;3;5;6;7;8;10;11;12;13;14;16;17,1,1;2;3;7;12;13
754,1,1;2;3;4;5,1,2,-,1,3,1;2;3;4;5;6;10;11;12;13;14;16;17;18,93,3;6;8;10;12;13,-,-,-,-,-,-,-,-,-
453,1,1;2;3;4;5,4,-,-,4,13;8,3;2;1;11;10;8;7;6;5;12;13;14;15,93,15,-,-,-,-,-,-,-,-,-
887,1,1;2;3;4;5,1,1,-,1,3,1;2;3;5;6;7;10;12,1,3,-,-,-,-,-,-,-,-,-
1408,2,-,-,-,-,-,-,-,-,-,1;2;3;4;5,3,1,-,1,4,1;2;3;4;5;6;7;10;11;12;13;14;17,1,3;12;13
492,1,1;2;3;4;5,3,1,-,1,3;2,1;2;3;4;5;6;9;10;11;12;13;14;15,8,1;3;6;7;12;14,-,-,-,-,-,-,-,-,-
1008,2,-,-,-,-,-,-,-,-,-,1;2;3;4;5,3,1,6,-,8,1;2;3;4;5;6;8;10;11;12;14;13;16,1,8
145,1,1;2;3;4;5,3,1,-,2,3,1;2;3;4;5;6;7;9;10;11;13;14,2,2,-,-,-,-,-,-,-,-,-
756,1,1;2;3;4;5,1,1,-,1,8,1;2;3;5;6;8;9;10;11;12;13;14;16;17,93,1;8;9;12,-,-,-,-,-,-,-,-,-
1277,2,-,-,-,-,-,-,-,-,-,1;2;3;4;5,3,90,-,1,3;8;2,1;2;3;4;5;6;7;10;11;12;13;14;17,93,1;6;8
1011,2,-,-,-,-,-,-,-,-,-,1;2;3;4;5,3,1,1,-,8;3,1;2;3;4;5;6;8;10;11;12;13;14,1,1;2;3;13
360,1,1;2;3;4;5,4,-,6,-,3,1;2;3;4;5;6;7;9;10;11;12;13;14;17;18,1,1;10;12,-,-,-,-,-,-,-,-,-
487,1,1;2;3;4;5,1,3,-,2,1;9,1;2;3;5;6;7;9;10;12;17,7,1;3;12,-,-,-,-,-,-,-,-,-
1522,2,-,-,-,-,-,-,-,-,-,1;2;3;4;5,3,90,-,4,8,1;2;3;4;10;12,1,1
706,1,1;2;3;4;5,4,-,-,4,-,1;2;3;4;5;6;7;9;10;11;12;13;14;15;17,1,1;3;4;6;8;12,-,-,-,-,-,-,-,-,-
1201,2,-,-,-,-,-,-,-,-,-,1;2;5;4;3,4,-,-,4,3;8,1;2;3;5;6;7;8;9;10;11;12;13;16;17,1,1;3;8;9;12;13
1391,2,-,-,-,-,-,-,-,-,-,1;2;3;5;4,4,-,-,2,1;8,1;2;3;4;5;6;7;8;9;10;11;12;13;16;17,93,15
758,1,1;2;3;5,3,90,-,1,3,5;10;11;12,1,15,-,-,-,-,-,-,-,-,-
149,1,1;2;3;4;5,4,-,-,4,-,1;2;3;4;5;6;10;11;12;14,1,6;8;12,-,-,-,-,-,-,-,-,-
1460,2,-,-,-,-,-,-,-,-,-,1;2;3;4;5,3,90,-,4,2,3;4;5;10;12,1,1;6;12
1012,2,-,-,-,-,-,-,-,-,-,1;2;3;4;5,1,2,-,1,-,1;2;3;5;6;10;12;13;17,1,1;7;13
375,1,1;2;3;4;5,4,-,-,4,2,1;2;4;5;6;8;10;11;12;13;14,1,15,-,-,-,-,-,-,-,-,-
460,1,1;2;3;4;5,1,1,2;6,-,1,1;2;3;4;6;7;8;10;11;12;13,1,1;7;9;12;13,-,-,-,-,-,-,-,-,-
1524,2,-,-,-,-,-,-,-,-,-,1;2;3;4;5,4,-,2,-,4,1;2;3;5;6;8;10;11;12;13,8,1
1284,2,-,-,-,-,-,-,-,-,-,1;2;3;4;5,4,-,2;3,-,2,3;5;4;6;8;10;11;12;15,1,1;2;3;6;9;12
1585,2,-,-,-,-,-,-,-,-,-,1;2;4;5,4,-,-,1,3,1;2;3;4;5;6;7;8;9;10;11;12;13;16;17,1,4;13
497,1,1;2;3;4;5,3,3;1,-,1,1,1;2;3;4;5;6;7;9;10;11;12;13;17,1,1;3;12,-,-,-,-,-,-,-,-,-
1137,2,-,-,-,-,-,-,-,-,-,1;2;3;4;5,3,1,-,1,1;3,1;2;3;4;5;6;7;8;9;10;11;12;13;14;16;17,1,1;3;8;9;10;12;13
381,1,1;2;3;4;5,1,2,-,2,13,2;1;3;4;5;6;10;11;12;13;14,1,14,-,-,-,-,-,-,-,-,-
1015,2,-,-,-,-,-,-,-,-,-,1;2;3;4;5,4,-,-,4,2,6;10;12,1,1;3
1286,2,-,-,-,-,-,-,-,-,-,1;2;3;4;5,4,-,-,4,-,1;2;3;5;4;6;7;10;11;12;13,1;2,1;3;2;6;10;12
394,1,1;2;3;4;5,4,-,-,2,3,1;2;3;5;6;7;9;10;11;12;14;13;15;4,1,1;3;9,-,-,-,-,-,-,-,-,-
642,1,1;2;3;4;5,3,1,-,4,-,1;2;3;4;5;6;8;10;11;12;13;14,1,3,-,-,-,-,-,-,-,-,-
1662,2,-,-,-,-,-,-,-,-,-,1;3;4;5;2,2,2,-,1,1,1;2;3;5;6;7;8;9;10;11;12;13;14;15;16;17,1;7,1;2;3;13
1461,2,-,-,-,-,-,-,-,-,-,1;2;3;4;5,3,90,-,1,9,1;3;4;6;10;11;12;13;14,1,1;3;7
1294,2,-,-,-,-,-,-,-,-,-,1;2;3;4;5,3,1,-,2,2;8,1;2;3;6;10;11;12,1,15
269,1,1;2;3;4;5,1,1;2,-,1,1,1;2;3;4;5;6;7;8;12;13;17,1,3;12;13,-,-,-,-,-,-,-,-,-
1348,2,-,-,-,-,-,-,-,-,-,1;2;3;4;5,1,1,2,-,1,1;2;3;4;5;6;7;8;9;10;11;12;17;18,1,12
643,1,2;3;4;5,3,1,-,1,-,1;2;3;4;6;8;10;11;12;13,1,1;2;3;6;7;11;12;13,-,-,-,-,-,-,-,-,-
1710,2,-,-,-,-,-,-,-,-,-,1;2;3;4;5,2,1;2,-,1,3,14;17;16;12;11;10;9;8;7;6;5;4;3;2;1,2,15
158,1,2;3;4;5,4,-,-,4,-,1;2;3;4;5;9;10;11;12;13;14,1,1;3,-,-,-,-,-,-,-,-,-
1036,2,-,-,-,-,-,-,-,-,-,1;2;3;4;5,1,2,1,-,-,1;2;3;4;5;6;8;10;11;12;13,1,14
881,1,2;3;4;5,1,1,-,2,4,2;3;4;6;10;17,93,6,-,-,-,-,-,-,-,-,-
1376,2,-,-,-,-,-,-,-,-,-,1;2;3;4;5,3,90,-,1,-,1;2;3;4;5;6;7;9;8;10;11;12;13;14;16;17,2,1;9;10;11;12;13
1471,2,-,-,-,-,-,-,-,-,-,1;2;3;4;5,4,-,-,1,3,2;3;5;6;10;12,1,1;12;13
1208,2,-,-,-,-,-,-,-,-,-,1;2;3;4;5,2,2,-,1,2,1;2;3;4;6;9;10;11;12;13;14;17,1,1;2;3;8;10;11;12;13
1392,2,-,-,-,-,-,-,-,-,-,1;2;3;4;5,1,1,-,2,1,1;3;4;6;7;10;11;13;14;17,1,15
164,1,2;3;4;5,4,-,-,2,-,2;3;4;10;12;13,8,1;13,-,-,-,-,-,-,-,-,-
310,1,1;2;3;4;5,1,1,-,1,1,1;2;3;4;5;6;7;8;9;10;11;12;13;14;17,7,13,-,-,-,-,-,-,-,-,-
1672,2,-,-,-,-,-,-,-,-,-,1;2;3;4;5,4,-,-,4,3,1;2;3;4;5;6;8;10;11;12;15,93,3
534,1,1,1,1,3,-,1,1;2;3;4;5;6;7;8;10;11;12;13;14;16;17;18,93,1;9,-,-,-,-,-,-,-,-,-
511,1,1;2;3;4;5,1,1,-,1,1,1;2;3;4;5;6;10;12;13;17,93,15,-,-,-,-,-,-,-,-,-
1060,2,-,-,-,-,-,-,-,-,-,1;2;3;4;5,3,2,5,-,8,2;3;4;6;8;10;11;12;13;14;15,2,1;3
1235,2,-,-,-,-,-,-,-,-,-,1;2;3;4;5,3,1,-,1,2,3;2;4;5;8;10;11;12;14;15,1,1;2;3;7;9;12;13
526,1,1;2;3;4;5,3,5,-,2,4,1;2;6;7;8;12,1,3,-,-,-,-,-,-,-,-,-
1744,2,-,-,-,-,-,-,-,-,-,4;5;3;2;1,4,-,-,2,3,1;3;6;10;12;14;17,1,2;3
741,1,1;2;3;4;5,3,2,-,1,3,1;2;3;4;5;6;8;9;10;11;12;14,1,1;2;3;8;12,-,-,-,-,-,-,-,-,-
1409,2,-,-,-,-,-,-,-,-,-,1;2;3;4;5,4,-,-,4,8;3,1;2;3;5;6;7;8;10;11;12;13;15;17;18,1,1;2;3;12
1055,2,-,-,-,-,-,-,-,-,-,1;2;3;4;5,5,-,-,2,8,1;2;3;4;5;6;10;12;13;14,1,1
1489,2,-,-,-,-,-,-,-,-,-,1;2;3;4;5,3,3,-,1,3,1;2;3;4;5;6;7;9;11;10;12;13;15;17,1,1;2;3;9;12
1245,2,-,-,-,-,-,-,-,-,-,2;3;4;5,4,-,-,4,8;3,1;3;2;4;5;7;6;8;10;11;12;13;16;17;18,1,9;12;13
1525,2,-,-,-,-,-,-,-,-,-,1;2;3;4;5,3,1,-,1,2,1;2;3;5;4;6;7;8;9;10;11;12;13;14,93,15
1120,2,-,-,-,-,-,-,-,-,-,2;3;4;5,3,90,-,1,3;8,1;2;3;4;5;6;7;8;9;10;11;12;13;16;17,8,12;1
296,1,1;2;3;4;5,3,1,-,1,3,1;2;3;4;5;6;7;8;10;11;12;13;16;17,1,2;3,-,-,-,-,-,-,-,-,-
1638,2,-,-,-,-,-,-,-,-,-,1;2;3;4;5,4,-,-,4;2;3,3;2;4;5;8,2;3;6;10,1,15
178,1,1;2;3;4;5,1,1,-,2,-,1;2;3;4;5;6;7;8;9;10;11;12;13;14;16;17,93,1;12;13,-,-,-,-,-,-,-,-,-
490,1,1;2;3;4;5,1,90,-,2,1,1;3;4;5;6;7;10;12,1,3;12,-,-,-,-,-,-,-,-,-
1338,2,-,-,-,-,-,-,-,-,-,1;2;3;4;5,3,90,-,2,1,1;2;3;5;6;7;10;11;12;13;14;17,2,3
1742,2,-,-,-,-,-,-,-,-,-,1;4;3;5;2,4,-,-,2,4,1;2;3;6;7;8;10;13;17,2,3;6;7
1699,2,-,-,-,-,-,-,-,-,-,1;2;3;4;5,3,2,-,1,-,2;1;3;5;6;8;10;11;12;13;14;17,2,2;3;10;13
1248,2,-,-,-,-,-,-,-,-,-,1;2;3;4;5,4,-,-,1,3;8,1;2;3;4;5;6;7;8;11;10;12;13;14;16;17,1,15
1039,2,-,-,-,-,-,-,-,-,-,1;2;3;4;5,2,4,-,3,-,1;2;3;4;5;6;7;8;10;9;11;13;12;14;17,1,2;3;9;10;13
560,1,1;2;4;5;3,3,90,-,2,-,1;2;3;4;5,93,1;2;3,-,-,-,-,-,-,-,-,-
493,1,1;2;3;4;5,4,-,-,4,3,2;4;5;6;9;10;11;12;13;15;17,93,15,-,-,-,-,-,-,-,-,-
1159,2,-,-,-,-,-,-,-,-,-,1;2;3;4;5,3,90,4,-,1;8,1;2;3;4;5;6;7;8;9;10;11;12;13;16;17,1,1;2;3;8;9;12;13
762,1,2;3;4;5,1,1,3,-,3,1;2;3;5;6;7;8;10;11;12;13;14;17,1,3;8;12,-,-,-,-,-,-,-,-,-
574,1,1;2;3;4;5,3,1,-,2,3;4,1;2;3;5;6;7;9;10;11;12;14;15,1,3;1;6,-,-,-,-,-,-,-,-,-
1002,2,-,-,-,-,-,-,-,-,-,1;2;3;4;5,1,2,2,-,13,1;2;3;4;5;6;10;11;12;13;14;17,1,3;8;13
314,1,1;2;3;4;5,3,1,-,1,-,1;3;2;5;4;6;7;8;9;10;11;12;13;14;16;17,1,3;13,-,-,-,-,-,-,-,-,-
1356,2,-,-,-,-,-,-,-,-,-,1;2;3;4;5,3,90,-,4,1;8,1;2;3;6;8;10;11;12;13;15,2,2;3;8;9;12;13
1292,2,-,-,-,-,-,-,-,-,-,1;2;3;4;5,1,2,3,-,2,1;2;10;12,2,2;3;12;13
1621,2,-,-,-,-,-,-,-,-,-,1;2;3;4;5,4,-,-,1,3,1;2;3;4;5;6;7;8;9;10;12;13;14;16;17,93,2;3;8;9;12;13
707,1,1;2;3;4;5,3,2,-,1,1,2;4;6;10;12;14;17,1,1;3;6;8;13,-,-,-,-,-,-,-,-,-
536,1,1;2;3;4;5,4,-,6,-,13,1;2;3;4;5;6;9;10;11;12;13;16;17,2,1;2;3;7;8;12,-,-,-,-,-,-,-,-,-
1069,2,-,-,-,-,-,-,-,-,-,1;2;3;4;5,4,-,3,-,8,1;2;3;5;4;6;7;8;9;10;11;12;14,1,1
187,1,1;2;3;4;5,3,1,2;4,-,-,1;2;3;5;6;9;10;11;12;13;14,8,8;10;12;13,-,-,-,-,-,-,-,-,-
191,1,1;2;3;4;5,3,90,-,2,-,1;2;3;5;6;10;12;13;17,1,1;9,-,-,-,-,-,-,-,-,-
1417,2,-,-,-,-,-,-,-,-,-,1;2;3;4;5,3,1,2,-,3,1;3;4;9;10;11;12;13;14,1,12;5
1629,2,-,-,-,-,-,-,-,-,-,1;2;3;4;5,2,1;2,6,-,-,1;2;3;5;6;7;8;9;10;11;12;13;17,1,1;2;3;8;12;13
1641,2,-,-,-,-,-,-,-,-,-,1;2;3;4;5,3,2,-,4,3,1;2;3;5;6;10;12;11;13;14,1,1;3
1595,2,-,-,-,-,-,-,-,-,-,1;2;3;4;5,1,90,-,3,4;8,2;3;4;5;6;10;11;12;17,93,15
1297,2,-,-,-,-,-,-,-,-,-,1;2;3;4;5,1,1,-,1,3,1;2;3;4;5;6;8;9;10;11;12;13;14;16;17,93,1;4;6;7;8;12;13
1086,2,-,-,-,-,-,-,-,-,-,1;2;3;4;5,4,-,-,4,8,2;3;5;6;10;12,1,12
590,1,1;2;3;4;5,3,1;2,-,1,3,1;2;3;4;5;6;7;8;9;10;11;12;13;16;17,8,1;3;8;9;10;11;12;13,-,-,-,-,-,-,-,-,-
1350,2,-,-,-,-,-,-,-,-,-,1;2;3;4;5,1,1,-,1,9;4,1;2;3;4;5;6;7;8;9;10;11;12;13;14;15;16;17,1,1;2;3
1041,2,-,-,-,-,-,-,-,-,-,1;2;3;4;5,3,1,-,1,-,1;2;3;4,8,1;12
1001,2,-,-,-,-,-,-,-,-,-,1;2;3;4;5,3,90,-,4,3,1;2;3;5;6;7;10;11;12;13;14,93,1;2;3
796,1,1;2;3;4;5,2,2,-,2,3,1;2;3;5;6;10;11;12;14;17,1,2;10,-,-,-,-,-,-,-,-,-
528,1,1;2;3;4;5,2,1,5;4,-,11,1;2;3;4;5;6;7;10;11;12;13;14;17,1,15,-,-,-,-,-,-,-,-,-
1071,2,-,-,-,-,-,-,-,-,-,1;2;3;4;5,4,-,-,4,-,1;2;3;4;5;7;6;13,1,1;2;3;7;8;9;13
1020,2,-,-,-,-,-,-,-,-,-,1;2;3;4;5,4,-,-,4,8;3,1;2;3;4;6;9;10;12;13;14,1,8;12
1026,2,-,-,-,-,-,-,-,-,-,1;2;3;4;5,3,2,2,-,8,1;2;3;4;5;10;11;12;14,1,3;2
568,1,1;2;3;4;5,4,-,-,4,3,1;2;3;5;6;10;11;12;15,93,12,-,-,-,-,-,-,-,-,-
1157,2,-,-,-,-,-,-,-,-,-,2;3;4;5,3,90,-,4,1;4;8,1;2;3;4;6;9;10;12;13;14;17,1,1;2;13
301,1,1;2;3;4;5,1,90,-,1,3,3;4;1;5;6;10;13,93,2;13,-,-,-,-,-,-,-,-,-
775,1,1;2;3;4;5,2,2,-,1,8,1;2;3;4;5;6;7;8;10;9;11;12;13;16;17,93,2;3;8;9;13,-,-,-,-,-,-,-,-,-
1538,2,-,-,-,-,-,-,-,-,-,1;2,3,1,-,2,-,2;5;6;10;11;12;15;16;17,1,15
1540,2,-,-,-,-,-,-,-,-,-,1;3;4;5,1,1,6,-,2,2;3;4;5;6;10,2,15
234,1,2;4;3;5,4,-,-,1,3,1;2;3;5;6;7;10;12;17,93,15,-,-,-,-,-,-,-,-,-
662,1,2;3;4;5,4,-,-,4,3;8,1;2;3;4;6;7;10;11;12;13;14;17,1,1;3;12;13,-,-,-,-,-,-,-,-,-
1215,2,-,-,-,-,-,-,-,-,-,1;2;3;4;5,1,1,-,2,1;8,1;2;3;4;5;6;7;8;9;10;11;12;13;14;17,1,1;2;3;13
1096,2,-,-,-,-,-,-,-,-,-,1;2;3;4;5,4,-,-,4,3,1;2;3;6;10,1,14
213,1,1;2;3;4;5,3,90,-,1,-,1;2;3;4;5;6;7;9;10;11;12;13;16;17,93,3,-,-,-,-,-,-,-,-,-
1650,2,-,-,-,-,-,-,-,-,-,1;5,1,1,-,2,1,1;3;6;7;10;11;12;14,2,12
1545,2,-,-,-,-,-,-,-,-,-,1;2;3;4;5,3,90,-,2,3;2;4,1;6;10;11;12;13,8,3
1437,2,-,-,-,-,-,-,-,-,-,1;2;3;4;5,1,1;3,-,2,3,3;10;11;12;14,93,2;3;12;13
1549,2,-,-,-,-,-,-,-,-,-,2;3;4;5,4,-,2,-,4,3;4;5;6;10;11;12,93,15
1642,2,-,-,-,-,-,-,-,-,-,2;3;4;5,2,2;1,2,-,-,1;2;3;4;5;6;7;8;9;10;11;12;13;14;16;17,2,15
1044,2,-,-,-,-,-,-,-,-,-,1;2;3;4;5,4,-,-,4,-,5;10;11;12,1,1;2;3;8;13
1079,2,-,-,-,-,-,-,-,-,-,1;2;3;4;5,3,1,-,2,8,3;4;5;6;10;11;12;14,1,1;2;3;12;13
1562,2,-,-,-,-,-,-,-,-,-,1;2;3;4;5,1,1,-,2,3,1;2;3;4;5;6;10;11;13;14,1,6
1220,2,-,-,-,-,-,-,-,-,-,1;2;3;4;5,3,1,1,-,4;8,1;2;3;4;5;6;7;8;10;11;12;13;14,1,1;12;14
815,1,1;2;3;4;5,3,90,2,-,1,1;2;4;5;6;7;9;10;11;12;13;16;17,93,4;8,-,-,-,-,-,-,-,-,-
1570,2,-,-,-,-,-,-,-,-,-,1;2;3;5,3,90,-,5,-,1;2;3;4;5;6;7;8;9;10;11;12;13;16;17,1,1
1007,2,-,-,-,-,-,-,-,-,-,1;2;3;4;5,3,2,4,-,8;1,1;2;3;4;5;6;10;11;12;13;14,1,1;8;12;13
1647,2,-,-,-,-,-,-,-,-,-,1;2;3;4;5,4,-,6,-,3,1;2;3;4;5;6;7;8;10;11;12;13,1,3;12;13
546,1,1;2;3;4;5,3,1,6,-,-,1;2;3;5;6;10;11;12;13;16,1,1;6;8;9,-,-,-,-,-,-,-,-,-
850,1,1;2;3;4;5,3,90,5,-,1,1;2;3;4;5;6;8;10;11;12;15;17,3,12,-,-,-,-,-,-,-,-,-
616,1,2;4;5,2,2,-,2,9;3,1;2;3;8;10;12;13;16;17;18,1,1;2;3,-,-,-,-,-,-,-,-,-
1592,2,-,-,-,-,-,-,-,-,-,1;2;3;4;5,4,-,-,4,3;2,1;2;3;5;6;10;11;12;13;14,8,15
1694,2,-,-,-,-,-,-,-,-,-,1;2;3;4;5,4,-,-,4,-,1;2;3;5;6;10;11;12;14;16,1,2;6;13
371,1,1;2;3;4;5,5,-,-,4,3,1;2;3;4;5;6;10;12;13;14,8,1;8;12;13,-,-,-,-,-,-,-,-,-
1607,2,-,-,-,-,-,-,-,-,-,1;2;3;4;5,1,1,-,2;3,1;3,1;2;3;4;5;6;8;9;10;11;12;13;17,1,3;1;8
810,1,1;2;3;4;5,4,-,-,4,1,1;2;3;4;5;6;9;10;11;12;13;16;17,1,3;8,-,-,-,-,-,-,-,-,-
1061,2,-,-,-,-,-,-,-,-,-,1;2;3;4;5,4,-,-,4,6;13,1;2;3;4;5;6;11;10;12;16,1,3
1630,2,-,-,-,-,-,-,-,-,-,1;2;3;4;5,5,-,-,4,-,1;2;3;5;6;8;9;10;11;12;13;16;17,1,15
812,1,2;3;4;5,3,90,2,-,1,1;2;3;5;6;8;9;10;11;12;13;16;17,1,15,-,-,-,-,-,-,-,-,-
634,1,1;2;3;4;5,2,1,2,-,-,2;3;4;6;10;11;12;13,93,1;10;12;13;3,-,-,-,-,-,-,-,-,-
1633,2,-,-,-,-,-,-,-,-,-,1;2;3;4;5,3,2,-,1,-,2;3;5;6;7;8;10;11;12;13;14;16;17,93,9;10
1702,2,-,-,-,-,-,-,-,-,-,1;2;3;4;5,4,-,-,4,-,1;2;3;4;5;6;7;9;10;11;12;13;17,1,1
669,1,1;2;3;4;5,4,-,-,4,3,1;2;3;5;6;10;11;12;14,1,3;6;8;13,-,-,-,-,-,-,-,-,-
249,1,1;2;3;4;5,1,90,-,1,1,2;3;4;5;6;7;8;9;10;11;12;13;14;16;17,93,1,-,-,-,-,-,-,-,-,-
1703,2,-,-,-,-,-,-,-,-,-,1;2;3;4;5,1,90,-,1,-,1;2;3;4;5;6;7;8;9;10;11;12;13;14;16;17,1,15
1554,2,-,-,-,-,-,-,-,-,-,1;2;3;4;5,1,1,-,1,1,1;2;3;4;5;6;7;8;9;10;11;12;13;14;16;17,93,8
1645,2,-,-,-,-,-,-,-,-,-,1;2;3;4;5,2,1,6,-,3,1;2;3;5;6;7;10;12,1,2;3;12;13
808,1,1;2;3;4;5,1,1,-,2;1,3,1;2;3;5;6;8;9;10;11;12;13;14;16;17,8,8;1;6;4,-,-,-,-,-,-,-,-,-
624,1,1;2;3;4;5,1,1,-,2,3,1;2;3;5;6;7;8;10;13;14,93,8;12,-,-,-,-,-,-,-,-,-
1530,2,-,-,-,-,-,-,-,-,-,5;4;3;2;1,3,1,-,4,-,1;2;3;6;10;11;12;13,1,15
1529,2,-,-,-,-,-,-,-,-,-,1;2;3;4;5,3,1,-,1,3;4;8,2;3;5;6;10;12;13,1,15
499,1,1;2;3;4;5,4,-,-,4,3,1;2;3;4;5;6;7;8;10;11;12;13;14;15;16;17,93,5;9,-,-,-,-,-,-,-,-,-
744,1,1;2;3;4;5,4,-,6,-,-,1;2;3;4;5;6;7;8;9;10;11;12;13;14;15;16,2,1;3;6;8;9;11;12;13,-,-,-,-,-,-,-,-,-
1536,2,-,-,-,-,-,-,-,-,-,1;2;3;4;5,3,1,-,2,4,1;2;3;5;6;10;11;12;13;17,1,1
888,1,1;2;3;4;5,2,2,4,-,-,1;2;3;4;5;8;10;11;12;13;14;15,2,15,-,-,-,-,-,-,-,-,-
1049,2,-,-,-,-,-,-,-,-,-,1;2;3;4;5,4,-,-,4,3,2;3;4;5;6;7;10;11;12;13,1,1;3;12
5,1,1;2;3;4;5,4,-,-,4,8;3,1;2;3;5;6;7;8;10;11;12,1,15,-,-,-,-,-,-,-,-,-
265,1,3;2;4;5,1,90,-,1,-,1;2;5;10;12;13;16;17,93,15,-,-,-,-,-,-,-,-,-
1164,2,-,-,-,-,-,-,-,-,-,2;3;4;5,3,2,-,1,3,1;2;3;6;7;10;11;12;13,1,1
1606,2,-,-,-,-,-,-,-,-,-,1;2;3;4;5,3,1,-,1,1,1;2;3;4;5;6;7;8;9;10;11;12;13;14;16;17,8,15
1688,2,-,-,-,-,-,-,-,-,-,1;2;3;4;5,3,90,2,-,3,1;2;3;4;5;6;10;12;13;14;16;17,1,13
1601,2,-,-,-,-,-,-,-,-,-,1;2;4;5;3,1,1,-,3,3,1;2;3;4;5;6;7;10;11;12;13;14,93,3;6;8;12;13
1466,2,-,-,-,-,-,-,-,-,-,1;2;3;4;5,1,1,-,4,3,1;2;3;5;6;7;8;10;12;14,1,12
1508,2,-,-,-,-,-,-,-,-,-,1;5;2,4,-,-,4,-,1;2;3;6;10;11;12;14,1,15
608,1,1;2;3;4;5,4,-,-,4,2;3,1;2;3;5;6;10;12;13;14,1,2;3;12;13,-,-,-,-,-,-,-,-,-
1632,2,-,-,-,-,-,-,-,-,-,1;2;3;4;5,4,-,-,4,3;4,1;2;3;5;6;7;8;10;11;12;13;14,1,15
1533,2,-,-,-,-,-,-,-,-,-,1;2;3;4;5,1,1,6,-,-,1;2;3;6;10;11;12;13;14;17,1,15
1149,2,-,-,-,-,-,-,-,-,-,1;2;3;4;5,1,4,6;2,-,-,1;2;3;4;5;6;7;8;9;10;11;12;13;16;17,1,3
764,1,1;2;3;4;5,1,1,-,1,1,3;1;2;4;5;6;7;8;9;10;11;12;14;13;16;17;18,1,1;2;3;6;8;9;10;11;12;13,-,-,-,-,-,-,-,-,-
1099,2,-,-,-,-,-,-,-,-,-,1;2;3;4;5,3,1,-,1,-,1;2;3;5;6;7;9;10;11;12;13,1,2;3;6
791,1,1;2;3;4;5,3,90,-,2,4,1;4;5;6;7;10;11;12;14,1,15,-,-,-,-,-,-,-,-,-
1133,2,-,-,-,-,-,-,-,-,-,1;2;3;4;5,4,-,-,2,1;2;4;6;8,4;6;10;12,1,2;3;8;13
1324,2,-,-,-,-,-,-,-,-,-,1;2;3;4;5,3,3,-,4,-,1;2;3;5;6;10;11;12;13;14,2,15
1722,2,-,-,-,-,-,-,-,-,-,1;2;3;4;5,4,-,6,-,3;4,1;2;3;5;4;6;7;10;11;12;13;14;16;17,1,8
780,1,1;2;3;4;5,1,1;5,-,1,1,2;1;3;4;5;6;7;8;9;10;11;12;13;14;16;17;18,1,2;6;8;9,-,-,-,-,-,-,-,-,-
1568,2,-,-,-,-,-,-,-,-,-,1;2;3;4;5,3,90,-,4,-,1;2;3;4;6;8;10;11;12;14,1,15
1451,2,-,-,-,-,-,-,-,-,-,1;2;3;4;5,5,-,6,-,3,2;6;10;11;12;14,1,2;3;8;12
1654,2,-,-,-,-,-,-,-,-,-,1;2;3;4;5,3,1,2;6,-,3,1;2;3;4;5;6;7;8;9;10;11;12;13;16;17,1,15
1574,2,-,-,-,-,-,-,-,-,-,1;2;3;4;5,4,-,-,4,-,1;2;3;5;6;9;10;11;12;13;17,1,15
437,1,2;1;3;4;5,4,-,2,-,8,1;2;3;4;6;10;12;13,1,2,-,-,-,-,-,-,-,-,-
1177,2,-,-,-,-,-,-,-,-,-,1;2;3;4;5,1,1,-,1,1;2;3;4;8,1;2;3;4;5;6;8;9;10;11;12;13;14;17;18,1,15
1580,2,-,-,-,-,-,-,-,-,-,1;2;3;4;5,3,1,-,1,4,1;2;3;6;10;12,1,15
1473,2,-,-,-,-,-,-,-,-,-,1;2;3;4;5,4,-,-,4,4,2;3;4;6;10;12;14,1,1;12
105,1,1;2;3;4;5,1,3;1,-,2,1,1;2;3;4;5;6;10;11;12;13;14,1,1;3;13,-,-,-,-,-,-,-,-,-
1476,2,-,-,-,-,-,-,-,-,-,1;2;3;4;5,1,1,6;2,-,4;3,2;3;5;8;10;11;12;17,1,1;6;12
1615,2,-,-,-,-,-,-,-,-,-,1;2;3;4;5,3,1,-,1,-,3;2;1;4;6;10;11;12;13;14;15;16;17,93,1;3;5;8;9;10;11;12
1148,2,-,-,-,-,-,-,-,-,-,1;2;3;4;5,3,1,-,1,-,1;2;3;5;6;8;10;11;12;14;17,8,1;8;9;10;13
1481,2,-,-,-,-,-,-,-,-,-,1;2;3;4;5,4,-,6,-,3,1;2;3;4;5;6;7;9;10;11;12;13;14,2,1;8
761,1,2;3;4;5,4,-,-,4,3,1;2;3;5;6;8;9;10;11;12;13;14;17,1,7,-,-,-,-,-,-,-,-,-
1655,2,-,-,-,-,-,-,-,-,-,1;2;3;4;5,3,4,-,1,1,1;2;3;6;7;8;10;11;12;13;15;16;17,2,1;3;4;9
470,1,1;2;3;4;5,1,1,-,2,8,1;2;3;5;6;7;8;10;11;12;13;15,8,1;2;3;4;8;10;9;11;12;13,-,-,-,-,-,-,-,-,-
771,1,1;2;3;4;5,3,2,-,2,3;8,1;2;3;5;6;8;10;11;12;13;14;17,8,6;8;12;13,-,-,-,-,-,-,-,-,-
1027,2,-,-,-,-,-,-,-,-,-,1;2;3;4;5,3,5,6,-,-,1;2;3;5;6;8;10;11;12,1,1;3
1455,2,-,-,-,-,-,-,-,-,-,1;2;3;4;5,3,4,3,-,2,1;2;3;4;5;6;10;11;12;13;14;17,1,1;2
783,1,1;2;3;4;5,2,3,2,-,1,1;2;3;4;5;6;8;10;11;12;13;14,1,14,-,-,-,-,-,-,-,-,-
1031,2,-,-,-,-,-,-,-,-,-,1;2;3;4;5,1,3,6,-,-,2;3;4;6;10;11;12;14,93,15
1032,2,-,-,-,-,-,-,-,-,-,1;2;3;4;5,3,1,6,-,-,1;2;3;5;6;8;9;10;11;12;13;14;15,1,1;2;3
1330,2,-,-,-,-,-,-,-,-,-,1;2;3;4;5,1,1,-,4;5,3,1;2;3;5;6;10;11;12;14,93,15
1495,2,-,-,-,-,-,-,-,-,-,1;2;3;4;5,3,90,-,2,-,1;2;3;5;6;10;11;12;13,8,1;3;12
1671,2,-,-,-,-,-,-,-,-,-,1;2;3;5;4,4,-,-,4,2;3;4;8,3;4;6;10;12,1,15
1501,2,-,-,-,-,-,-,-,-,-,1;2;3;4;5,3,1,1;3,-,4,1;2;3;4;5;6;7;9;10;11;12;13;15;17,1,1;2;3;6;9;12
776,1,1;2;3;4;5,3,3,-,3,1;3,1;2;3;4;6;8;9;10;11;12;13;14,93,6;8;3,-,-,-,-,-,-,-,-,-
1334,2,-,-,-,-,-,-,-,-,-,1;2;3;4;5,3,1,2;6,-,3,1;2;3;4;5;6;7;8;9;10;11;12;13;14;16;17,1,1;9;13
1050,2,-,-,-,-,-,-,-,-,-,1;2;3;4;5,4,-,-,4,-,3;10;11;12;15,2,15
1502,2,-,-,-,-,-,-,-,-,-,1;2;3;4;5,3,5,6;3,-,-,1;2;3;4;6;7;8;9;10;11;12;13;14;17,1,1;3;6;7
1433,2,-,-,-,-,-,-,-,-,-,1;2;3;4;5,4,-,-,4,4;3,3;5;6;7;10;12;17,93,15
1572,2,-,-,-,-,-,-,-,-,-,1;2;3;4;5,2,3,5;2;1,-,-,1;2;3;4;5;6;7;9;10;11;12;13;14;15;16;17;18,1,2;9;12
615,1,1,1,1,-,4,3,2;3;6;10;11;14,1,3,-,-,-,-,-,-,-,-,-
1591,2,-,-,-,-,-,-,-,-,-,1;2;3;4;5,4,-,-,4,3;4;8,1;2;3;4;5;6;8;9;10;11;12;14,1,1;6;9;13
1477,2,-,-,-,-,-,-,-,-,-,1;2;3;4;5,4,-,-,4,2;4,1;2;3;6;7;10;11;12;14,1,1
1053,2,-,-,-,-,-,-,-,-,-,1;2;3;4;5,3,90,-,4,-,1;2;3;5;6;10;11;12;13;14,1,1;2;3
646,1,2;3;4;5,4,-,-,4,3;8,1;2;3;5;6;7;10;12,1,1;2;12;13,-,-,-,-,-,-,-,-,-
100,1,1;2;3;4;5,3,1,-,5,3,1;2;3;4;5;6;7;8;10;11;12;13;14;15;17,1,3;2;6;12;13,-,-,-,-,-,-,-,-,-
1498,2,-,-,-,-,-,-,-,-,-,1;2;3;4;5,2,1,2;6;4,-,3;2,1;2;3;5;6;7;9;10;11;12;13;16;17,1,1;3;4;8;9;12
650,1,1;2;3;4;5,2,2,2,-,3,1;2;3;5;6;4;10;11;12;13;14,1,2;3;8;10,-,-,-,-,-,-,-,-,-
1167,2,-,-,-,-,-,-,-,-,-,1;2;3;4;5,3,3,-,2,3;2,1;2;3;5;6;7;8;9;10;12;13;16;17;18,8,1;2;8;9;12
1684,2,-,-,-,-,-,-,-,-,-,2;3;4;5,1,5,5,-,3,1;2;3;4;5;6;10;11;12;13;14;16;17,8,15
24,1,1;2;3;4;5,4,-,-,1,3,1;6;8;10;12;11;14,2,8;12,-,-,-,-,-,-,-,-,-
1067,2,-,-,-,-,-,-,-,-,-,1;2;3;4;5,4,-,-,4,-,1;2;3;5;6;10;11;12;13;14;15,1,15
652,1,1;2;3;4;5,4,-,-,4,3,1;2;3;4;6;10;11;12;13;17,93,1;6,-,-,-,-,-,-,-,-,-
53,1,1;2;3;4;5,4,-,-,4,2,1;2;3;4;5;6;10;12;14,2,7,-,-,-,-,-,-,-,-,-
1357,2,-,-,-,-,-,-,-,-,-,2;3;4;5,3,1,-,1,1,1;2;3;4;5;6;7;8;10;11;12;13;16;17,1,1;12;10;9
644,1,1;2;3;4;5,2,1;3,6,-,1,1;2;3;5;6;8;9;10;12;17;18,1,1;2;8;10;11;12;13,-,-,-,-,-,-,-,-,-
1088,2,-,-,-,-,-,-,-,-,-,1;2;3;4;5,4,-,-,1,-,1;2;3;6;9;10;11;12;13;14;15,1,1
1373,2,-,-,-,-,-,-,-,-,-,1;2;3;4;5,4,-,-,1,-,1;2;4;6;9;10;12;13;17,1,1;2;3;8
1076,2,-,-,-,-,-,-,-,-,-,1;2;3;4;5,1,2,-,2,-,1;3;10;11;12,93,13;12;10;8;3;2
1293,2,-,-,-,-,-,-,-,-,-,1;2;3;4;5,3,3,1,-,3,1;2;3;4;5;6;7;8;9;10;11;12;13;14,8,1;2
1003,2,-,-,-,-,-,-,-,-,-,1;2;3;4;5,1,1;2,-,2,-,3;4;5;6;8;7;10;11;12;14,1,10
537,1,1;2;3;4;5,4,-,-,4,-,1;3;6;10;11;12,1,3,-,-,-,-,-,-,-,-,-
93,1,1;2;3;4;5,1,1,-,2,2,2;1;3;4;5;6;7;8;11;10;12;13;15;18,1;2,1;3;2;9;12;13,-,-,-,-,-,-,-,-,-
766,1,1;2;3;4;5,2,1;2,6,-,-,1;2;3;5;6;7;9;10;11;12;13;14;15;16;17,93,1;3;10;13,-,-,-,-,-,-,-,-,-
8,1,1;2;3;4;5,3,90,-,4,2,1;2;3;5;6;7;10;12,1,15,-,-,-,-,-,-,-,-,-
621,1,1;2;3;4;5,2,2,5,-,8,1;2;3;4;5;6;8;9;10;11;12;13;14;16;17;18,93,1;2;8;9;10;12,-,-,-,-,-,-,-,-,-
23,1,2;1;3;4;5,3,1,-,2;3,-,2;3;5;4;7;6;9;10;11;12;13;14;15;17,1,1;3;7;9;13,-,-,-,-,-,-,-,-,-
1480,2,-,-,-,-,-,-,-,-,-,1;2;3;4;5,4,-,-,1,3;2,2;3;4;6;10;12;13;14;17,1,1;2;3
1104,2,-,-,-,-,-,-,-,-,-,1;2;3;4;5,4,-,-,1,-,2;1;3;5;6;8;10;11;12;13;14,1,15
73,1,1;2;3;5,3,1,4,-,-,1;2;3;4;6;10;11;12;13;17,1,1;2;3;6,-,-,-,-,-,-,-,-,-
525,1,1;2;3;4;5,2,3,-,2,1,1;3;2;6;7;10;12;17,1,14,-,-,-,-,-,-,-,-,-
626,1,1;2;3;4;5,3,3,-,2,8;3,1;2;3;4;5;6;8;10;11;12;13;15;17,93,1;2;3;13,-,-,-,-,-,-,-,-,-
344,1,1;2;3;4;5,1,1,-,2,2;3;8,1;2;3;4;5;6;7;10;12;13;17;18,1;8,1;2;3;7;8;12,-,-,-,-,-,-,-,-,-
795,1,1;2;3;4;5,1,2,-,2,-,1;2;3;4;5;6;9;10;12;14;17,1,3;8;10;11,-,-,-,-,-,-,-,-,-
609,1,1;2;3;4;5,1,1,-,2,3,1;2;3;5;6;10;11;12;17,1,15,-,-,-,-,-,-,-,-,-
539,1,1;2;3;4;5,1,1,-,1,4,1;2;3;4;6;7;8;9;10;11;12;13;17,1,13,-,-,-,-,-,-,-,-,-
65,1,1;2;3;4;5,1,1,-,2,1,2;1;3;4;5;6;9;10;13;12;17,8,1,-,-,-,-,-,-,-,-,-
818,1,1;2;3;4;5,4,-,-,4,-,1;2;3;4;6;7;8;10;11;12;13,1,3;1;2,-,-,-,-,-,-,-,-,-
540,1,1;2;3;4;5,1,1,3,-,3;4,1;2;3;4;5;6;7;10;11;12;13;16,1,1;5,-,-,-,-,-,-,-,-,-
550,1,1;2;3;5;4,4,-,-,4,3,1;2;3;5;6;8;10;11;12;13;14,8,3;14,-,-,-,-,-,-,-,-,-
1221,2,-,-,-,-,-,-,-,-,-,1;2;3;4;5,4,-,2,-,-,1;2;3;5;6;9;10;8;11;12;13;17,1,1;2;3;8;13
1375,2,-,-,-,-,-,-,-,-,-,1;2;3;4;5,1,1,-,1,-,1;2;3;5;6;10;11;12;13;14;15;16,1,2;3
1100,2,-,-,-,-,-,-,-,-,-,1;2;3;4;5,3,1,-,2,-,2;3;6;10;11;12,1,15
1342,2,-,-,-,-,-,-,-,-,-,1;2;3;4;5,1,2;4;3,-,2,-,2;3;6;10;11,1,15
1089,2,-,-,-,-,-,-,-,-,-,2;3;4;5,4,-,-,4;1,-,1;2;3;5;4;6;10;11;12;13;14,1,2;3;14
1344,2,-,-,-,-,-,-,-,-,-,1;2;3;4;5,4,-,-,4,-,6;10;12,1,15
1351,2,-,-,-,-,-,-,-,-,-,1;2;3;4;5,3,1,-,1,-,1;2;3;5;6;8;10;12,93,15
1380,2,-,-,-,-,-,-,-,-,-,1;2;3;4;5,3,2,-,1,-,1;2;3;8;9;10;11;12;13;14;17,93,15
1381,2,-,-,-,-,-,-,-,-,-,1;2;3;4;5,1,2,-,2,-,1;2;3;5;6;9;10;11;12;13;14;15;17,93,3
1398,2,-,-,-,-,-,-,-,-,-,1;2;3;4;5,1,2,-,1,-,2;1;3;5;6;10;11;9;12;13,1,15
656,1,1;2;3;4;5,3,1,-,1,1;3;8,1;2;3;5;6;7;8;10;11;12;13;16;17,1,1;6;7;9;10;13,-,-,-,-,-,-,-,-,-
1414,2,-,-,-,-,-,-,-,-,-,1;2;3;4;5,3,1,-,2,3,3;2;1;6;10;11;13;14;16,1,2;9;12;13
139,1,1;2;3;4;5,1,1;2,-,1,-,1;2;3;4;5;6;8;7;9;10;11;12;13;14;17,93,15,-,-,-,-,-,-,-,-,-
1320,2,-,-,-,-,-,-,-,-,-,1;2;3;4;5,1,1,-,3,-,3;2;1;4;5;6;7;8;9;10;11;12;13;16;17,1,15
1665,2,-,-,-,-,-,-,-,-,-,1;2;3;4;5,1,90,1,-,4,2;3;4;5;10;11;12,3,1;3;12
1074,2,-,-,-,-,-,-,-,-,-,1;2;3;4;5,3,1,-,5,8,1;2;3;5;4;6;8;10;11;12;14,2,1;12
705,1,1;2;3;4;5,1,1,1;4,-,9,1;2;3;4;5;6;7;10;11;12;13;18,1,1;6,-,-,-,-,-,-,-,-,-
576,1,1;2;3;4;5,1,1,-,1,1,1;2;3;5;6;7;9;8;10;11;12;13;14;16;17;18,2,1;6;7;11;12;13,-,-,-,-,-,-,-,-,-
1243,2,-,-,-,-,-,-,-,-,-,1;2;3;4;5,1,1,-,1,8,2;1;3,1,1;2;3;4;8;9;10;11;12;13
1176,2,-,-,-,-,-,-,-,-,-,1;2;3;4;5,4,-,6,-,1;3;8;4,10;12;17,1,1;13
1569,2,-,-,-,-,-,-,-,-,-,1;2;3;4;5,3,1,-,4,4,1;3;4;5;10;11;12;13;17,2;1,6;8;12;13
442,1,1;2;4;3;5,4,-,-,4,8,3;4;5;6;10;11;12;13,1,12;13;10,-,-,-,-,-,-,-,-,-
154,1,1;2;3;4;5,3,1,-,1,-,2;3;4;6;7;8;9;10;11;12,1;2,15,-,-,-,-,-,-,-,-,-
503,1,1;2;4;3;5,2,3;2;1,-,1,-,1;3;4;2;5;6;10;11;12;13;14;16;17,1,2;3;9;13,-,-,-,-,-,-,-,-,-
1259,2,-,-,-,-,-,-,-,-,-,1;2;3;4;5,4,-,-,4,8,2;3;5;6;10;12;14,2,13;2
649,1,1;2;3;4;5,1,2,6,-,1,1;2;3;5;6;10;11;12;13;14;15;17,1,3;4;8;9;10;12;13,-,-,-,-,-,-,-,-,-
842,1,1;2;3;4;5,3,1;5,2,-,-,1;2;3;5;6;7;10;11;12;15,1,3,-,-,-,-,-,-,-,-,-
1705,2,-,-,-,-,-,-,-,-,-,1;2;3;4;5,3,2,-,4;1,3,1;2;3;4;5;6;7;8;10;11;12;13;15;16;17;18,1,1;3;8;9;12;13
237,1,2;3;4;5,1,1,-,1,1,1;2;3;4;5;6;7;8;9;10;11;12;13;14,1,1,-,-,-,-,-,-,-,-,-
515,1,1;2;3;4;5,4,-,-,4,3,1;2;3;5;6;7;8;10;11;12;13;17,1,1;2;3;8;12;13,-,-,-,-,-,-,-,-,-
1720,2,-,-,-,-,-,-,-,-,-,1;2;3;4;5,2,2,-,2,2,2;3;4;6;10;12;14,1,3
586,1,1;2;3;5;4,1,1,-,3,3,1;2;3;5;6;8;10;11;12,1,15,-,-,-,-,-,-,-,-,-
710,1,1;2;3;4;5,1,1,-,2,3,1;2;3;5;6;10;12,1,13,-,-,-,-,-,-,-,-,-
1547,2,-,-,-,-,-,-,-,-,-,2;3;4;5,4,-,-,2,7;8;3,1;2;3;4;5;6;8;9;10;11;12;13;14;17,1,2;3;1;12;13
517,1,1;2;3;4;5,1,3;2,-,1,9,1;2;3;4;6;7;9;10;11;12;13;17,93,2;3;6;13,-,-,-,-,-,-,-,-,-
785,1,1;2;3;4;5,3,1,-,1,8,1;2;3;5;6;7;8;9;10;12;11;13;14;16;17,93,9;3;10,-,-,-,-,-,-,-,-,-
1729,2,-,-,-,-,-,-,-,-,-,1;2;3;4;5,3,90,2;4,-,-,1;2;3;4;5;6;7;10;11;12;13;15;17,1,15
1265,2,-,-,-,-,-,-,-,-,-,2;5,1,1,-,2,4,2;3;5;6;10;12;11,1,7;8;12;13
522,1,1;2;3;4;5,1,1,-,2,1,1;2;3;4;6;7;10,93,12;13,-,-,-,-,-,-,-,-,-
1619,2,-,-,-,-,-,-,-,-,-,1;2;3;4;5,1,1,-,1,2;11,1;2;3;4;6;7;10;12;17,1,15
1186,2,-,-,-,-,-,-,-,-,-,1;2;3;4;5,1,1,-,2,1;2;3;4;8;9,1;2;3;4;5;6;7;8;9;10;11;12;13;14;17;18,1,4;6;7;12;13
185,1,1;2;3;4;5,1,4,2,-,-,1;2;3;4;5;7;10;11;12;13;14;16;17,1,12;13,-,-,-,-,-,-,-,-,-
584,1,1;2;3;4;5,3,2,-,1,3,1;2;3;4;5;6;7;8;9;10;11;12;13;14;16;17,1,3,-,-,-,-,-,-,-,-,-
186,1,1;2;3;4;5,3,1,-,1,-,1;2;3;4;5;6;7;8;9;10;11;12;13;14;16;17,1,1;2;3;9,-,-,-,-,-,-,-,-,-
677,1,1;2;3;4;5,4,-,-,4,8,1;2;3;6;7;10;11;12;14;15;17,93,1;9,-,-,-,-,-,-,-,-,-
882,1,1;2;3;4;5,4,-,-,4,4,1;2;3;5;6;8;10;11;12;14;17,8,7;8;9;12;13,-,-,-,-,-,-,-,-,-
599,1,1;2;3;4;5,1,1,-,1,-,1;2;3;4;5;6;10;11;12;14,1,1,-,-,-,-,-,-,-,-,-
1257,2,-,-,-,-,-,-,-,-,-,1;2;3;4;5,1,1,-,5,-,2;1;3;5;6;10;11;12,8,15
201,1,1;2;3;4;5,4,-,-,1,-,1;2;3;4;5;6;7;8;9;10;11;12;13;14;16;17,1,13;12;11;10;9;8,-,-,-,-,-,-,-,-,-
678,1,1;2;3;4;5,1,1;3,6,-,1,1;2;3;6;10;11;12;13;17,1,1;2;3;8;10;12;13,-,-,-,-,-,-,-,-,-
202,1,1;2;3;4;5,4,-,-,4,-,1;2;3;6;8;10;11;12;13;17,93,1;3;12;13,-,-,-,-,-,-,-,-,-
876,1,1;2;3;4;5,1,2,-,1,4,1;2;3;5;6;7;8;9;10;11;12;13;16;17,1,13,-,-,-,-,-,-,-,-,-
851,1,1;2;4;3;5,2,2,-,1,3,1;2;3;5;6;7;9;10;11;12;13;14;16;17,93,10;12,-,-,-,-,-,-,-,-,-
1233,2,-,-,-,-,-,-,-,-,-,1;2;3;4;5,3,1,-,4,3,1;2;3;4;6;7;10;12;13;17,4;1,15
468,1,1;2;3;4;5,1,1,3,-,8,4;3;2;1;7;10;12;14,1,1,-,-,-,-,-,-,-,-,-
696,1,1;2;3;4;5,2,2,-,1,-,1;2;3;4;5;6;7;8;9;10;11;12;13;17,1,1;3;6;10;12;14,-,-,-,-,-,-,-,-,-
1255,2,-,-,-,-,-,-,-,-,-,1;2;3;4;5,3,1,-,1,3;8,1;2;3;5;6;7;8;9;10;11;12;13;15;17,1,1
414,1,1;2;3;4;5,3,1;2,-,1,-,17;16;14;13;12;11;10;9;8;7;6;5;4;3;2;1,93,5;12;13,-,-,-,-,-,-,-,-,-
893,1,1;2;3;4;5,1,1,-,1,1,1;2;3;5;6;7;8;10;11;12;13;16;18,2,1,-,-,-,-,-,-,-,-,-
1677,2,-,-,-,-,-,-,-,-,-,1;2;3;4;5,1,1,-,2,13,1;2;3;5;6;7;10;11;12;17,8;1,3;13
894,1,2;3;4;5,4,-,-,4,3,1;2;3;4;6;10;11;12;13;14;17,1,1;12,-,-,-,-,-,-,-,-,-
215,1,1;2;3;4;5,2,1;3,4,-,-,1;2;3;4;5;6;7;9;10;11;12;13;14;16,93,10,-,-,-,-,-,-,-,-,-
472,1,1;2;3;4;5,3,6,-,4,3;1,1;2;3;4;5;7;9;10;11;12;13;14;15,1,3;9;12;13,-,-,-,-,-,-,-,-,-
5486,2,-,-,-,-,-,-,-,-,-,1;2;3;4;5,3,3,-,1,3,1;2;3;4;5;6;7;8;10;11;12;13;16,1,15
5301,2,-,-,-,-,-,-,-,-,-,1;2;3;4;5,3,1,-,5,-,3;2;1;8;10;11;12;13;14;16,1,3;10;12;13
7451,1,1;2;3;4;5,1,1,-,2,2,1;2;3;6;7;10;12,8,1;2;3;4;12,-,-,-,-,-,-,-,-,-
5003,2,-,-,-,-,-,-,-,-,-,1;2;3;4;5,1,1,-,1,1,1;2;3;6;10;12;14,93,15
7602,1,1;2;3;4;5,4,-,-,4,3,1;2;3;6;7;8;10;12;14;16,1,3;8;9;12;13,-,-,-,-,-,-,-,-,-
5410,2,-,-,-,-,-,-,-,-,-,2;3;4;5,4,-,-,5,3;2,3;2;1;5;6;10;11;12,93,2;3;13
7754,1,1;2;3;4;5,4,-,6,-,-,1;2;3;5;6;7;10;11;12;13;14;17,93,8;12,-,-,-,-,-,-,-,-,-
5487,2,-,-,-,-,-,-,-,-,-,5;2;1,4,-,-,2,8;2,3;6;10;12,1,2;3
654,1,1;2;3;4;5,1,1,2;6,-,3;8,1;2;3;4;5;6;8;10;11;12,1,6,-,-,-,-,-,-,-,-,-
5611,2,-,-,-,-,-,-,-,-,-,1;2;3;4;5,3,2,-,1,-,1;2;3;4;5;6;8;9;10;11;12;13;14;15;17,1,1;6;8;9;10;13
7304,1,1;2;3;4;5,4,-,-,2,-,1;2;3;6;10;11;12;16,1,1;3;8;12;13,-,-,-,-,-,-,-,-,-
5197,2,-,-,-,-,-,-,-,-,-,1;2;3;4;5,2,1,-,1,8;4,2;1;3;4;5;6;7;8;10;11;12;13;14;16;17;18,1,15
5308,2,-,-,-,-,-,-,-,-,-,1;3;4;5,1,1,2,-,3,1;2;3;4;5;6;10;11;12,93,3;13
5007,2,-,-,-,-,-,-,-,-,-,1;2;3;5;4,1,90,-,1,1,1;2;3;5;6;8;10;11;12;15;17,1,15
7759,1,5;4;3;2;1,4,-,-,4;1,-,1;2;3;5;6;9;8;10;12;13;14;17,93,13;12,-,-,-,-,-,-,-,-,-
5411,2,-,-,-,-,-,-,-,-,-,1;2;3;4;5,1,90,-,1,3;4,2;3;4;6;9;10;11;12;14,1,1;12
7455,1,1;2;3;4;5,4,-,-,4,2,1;2;3;5;6;9;10;11;12;13,1,3;6;12,-,-,-,-,-,-,-,-,-
7007,1,1;2;3;4;5,3,90,1,-,1,1;2;3;5;6;7;8;9;10;11;12;13;14;16;17,1,2;1;12,-,-,-,-,-,-,-,-,-
7605,1,1;2;3;4;5,1,1,-,1,3,2;1;3;5;6;7;8;9;10;11;12;13;16;17,1,1;3;4;6;8;12,-,-,-,-,-,-,-,-,-
637,1,5;4;3;2;1,3,1,-,4,4,1;2;3;5;6;10;11;12;13;14,1,1;7;13,-,-,-,-,-,-,-,-,-
5204,2,-,-,-,-,-,-,-,-,-,1;2;3;4;5,3,2,-,1,13,1;10,93,15
5110,2,-,-,-,-,-,-,-,-,-,1;2;3;5;4,4,-,-,4,2,1;2;3;4;5;6;10;11;12,1,1;2;6;13
7305,1,1;2;3;4;5,1,6,-,2,1,1;2;3;5;6;10;11;12;13;15;16,8,1;2;4;6;9;12;13,-,-,-,-,-,-,-,-,-
5314,2,-,-,-,-,-,-,-,-,-,1;2;3;4;5,3,2,-,1,-,1;2;3;4;5;10;11;12;13;14;15;16,1,15
5416,2,-,-,-,-,-,-,-,-,-,1;2;3;4;5,1,1,-,2,3;4;8,1;2;3;5;6;9;10;12;13;17,1,15
5175,2,-,-,-,-,-,-,-,-,-,1;2;3;4;5,3,3,-,4;1,1;2;4;5;8,1;3;2;4;6;10;11;12;17,8,12;13
7773,1,1;2;3;4;5,4,-,-,1,-,1;2;3;4;5;6;8;9;10;11;12;13;14;17,1,1;2;3;6,-,-,-,-,-,-,-,-,-
5321,2,-,-,-,-,-,-,-,-,-,1;2;3;4;5,4,-,1,-,3,3;4;6;10;12;14;15,1,15
5417,2,-,-,-,-,-,-,-,-,-,2;3;4;5,1,1;2,-,1,3,1;2;3;4;5;6;7;8;9;10;11;12;13;14;16;17;18,1,2;9;10;12;13
7012,1,5;4;3;2,1,1,-,5,1;4,1;2;3;5;10;6;12;13,93,3,-,-,-,-,-,-,-,-,-
7780,1,1;2;3;4;5,4,-,-,4,-,1;2;3;4;5;6;7;8;10;11;12;13;17,2,3;2;6,-,-,-,-,-,-,-,-,-
5326,2,-,-,-,-,-,-,-,-,-,1;2;3;4;5,3,1,-,4,3,2;3;6;10;11;12,1,3;2;1;8;12;13
7464,1,1;3;4;5,4,-,-,4,2,1;2;3;4;5;6;10;11;12;13;16;17,8,1;9;12,-,-,-,-,-,-,-,-,-
7169,1,1;2;3;4;5,1,2,-,2,2,1;2;3;6;10;12;13,1;7,15,-,-,-,-,-,-,-,-,-
5328,2,-,-,-,-,-,-,-,-,-,1;2;3;4;5,3,1,-,4,3,1;2;3;4;5;6;9;11;13,1,10
7794,1,5;4;3;2;1,1,6,-,2,-,1;2;3;4;5;6;7;8;9;10;11;12;13;14;16;17,1,1;3;2;8;9;13;12,-,-,-,-,-,-,-,-,-
7015,1,1;2;3;4;5,1,1,2,-,3,1;2;3;5;6;10;12;16;17,8,12;3,-,-,-,-,-,-,-,-,-
7626,1,1;2;3;4;5,4,-,-,1,-,1;2;3;4;5;6;8;10;11;12;14;17,2,1;3;12;13,-,-,-,-,-,-,-,-,-
7798,1,5;4;3;2;1,3,1,6,-,-,1;3;2;4;5;6;7;8;10;11;12;13;14;16;17,93,1;2;3;5;6;8;12;13,-,-,-,-,-,-,-,-,-
5160,2,-,-,-,-,-,-,-,-,-,1;2;3;5,2,3,-,3;2,2;3;4;5;6;8,1;2;4;5;6;7;10;12,1,1;6;12;13
5426,2,-,-,-,-,-,-,-,-,-,1;2;3;4;5,1,1,-,1,3,1;3;2;5;4;10;6;7;11;12;13;14;17,1,3;13
7175,1,1;2;3;4;5,4,-,-,1,1,1;2;3;5;6;7;8;9;10;11;12;13;14;16;17;18,93,1;2;3;8;9;12;13,-,-,-,-,-,-,-,-,-
5333,2,-,-,-,-,-,-,-,-,-,1;2;3;4;5,3,5;1;3,-,2,-,2;3;4;5;6;12;14;15,8,3;2;6;8;9;12;13
5159,2,-,-,-,-,-,-,-,-,-,5;4;2,1,2,-,2,2;3;8;7,1;2;3;6;7;10;12;14;17,1,14;13
7180,1,1;2;3;4;5,1,1,-,2,1,2;5;4;10,93,15,-,-,-,-,-,-,-,-,-
5014,2,-,-,-,-,-,-,-,-,-,1;2;3;4;5,1,1;3,-,2,3;2,1;2;3;5;6;8;9;10;11;12;13;14;17;16,93,1;9;13
7631,1,1;2;3;4;5,3,90,2,-,8,1;2;3;5;10;11;12;13,1,2;3;7;8;12;13,-,-,-,-,-,-,-,-,-
7838,1,5;4;3;2;1,4,-,-,4,-,1;2;6;10;11;12;13,1,2;8,-,-,-,-,-,-,-,-,-
7182,1,1;2;3;4;5,3,2,-,5,-,1;2;3;4;5;6;7;8;9;10;11;12;13;14;16;17,93,1;2;13,-,-,-,-,-,-,-,-,-
5494,2,-,-,-,-,-,-,-,-,-,1;2;3;4;5,4,-,-,4,-,1;2;3;4;5;6;7;8;9;10;11;12;13;14;16;17,1,1;3;9
7857,1,5;3;2;1;4,3,90,-,1,-,1;2;3;4;5;6;10;11;12;13;14;17,1,2;3;10;12;13,-,-,-,-,-,-,-,-,-
5348,2,-,-,-,-,-,-,-,-,-,1;2;3;4;5,3,90,6,-,-,1;2;3;6;10;11;12;13;14,1,3;8
5016,2,-,-,-,-,-,-,-,-,-,1;2;3;4;5,4,-,-,4,3;4,1;2;3;4;5;6;7;8;9;10;11;12;14;17,3,7;10;12;13
5351,2,-,-,-,-,-,-,-,-,-,1;3;4;2,1,1,1,-,-,1;2;3;4;5;6;7;10;9;11;12;13;16;17,1,15
5438,2,-,-,-,-,-,-,-,-,-,1;2;3;4;5,4,-,-,1,4,1;2;3;5;6;7;8;10;11;12;13;14;16,1,1;8
7617,1,1;2;3;4;5,4,-,-,4,-,2;1;3;5;6;7;8;10;11;12;13;14;17,1,2;3,-,-,-,-,-,-,-,-,-
5023,2,-,-,-,-,-,-,-,-,-,1;2;3;4;5,1,2,6,-,1,1;2;3;4;5;6;7;8;9;10;11;12;13;14;16;17,1,1;2;3;4;8;12;13
7827,1,1;2;3;4;5,4,-,-,4,-,5;1;2;3;10;12,93,1,-,-,-,-,-,-,-,-,-
7832,1,2;3;4;5,4,-,-,4,-,3;4;5;10;11;12;13;14,1,1;2;3,-,-,-,-,-,-,-,-,-
7867,1,1;2;3;4;5,4,-,-,4,-,1;2;5;10;12;17,93,3;13,-,-,-,-,-,-,-,-,-
7308,1,1;2;3;4;5,3,1,3,-,9,1;2;3;6;10;12;13;14,1,3,-,-,-,-,-,-,-,-,-
5027,2,-,-,-,-,-,-,-,-,-,1;2;3;4;5,4,-,-,4,4,1;3;6;10;11;12;13,1,3
5353,2,-,-,-,-,-,-,-,-,-,1;2;3;4;5,3,3,-,2,-,2;3;6;7;8;10;11;12,1,3;2
5462,2,-,-,-,-,-,-,-,-,-,1;2;3;4;5,2,2,-,2,4;3,1;2;3;6;7;10;11;12;13;14;15;17,1,3;12;10
5218,2,-,-,-,-,-,-,-,-,-,1;2;3;4;5,2,2,1;2;4;5,-,1,1;2;3;5;6;8;10;11;12;13;15;17,1,9;10
7642,1,1;2;3;4;5,4,-,-,1,-,1;2;3;6;8;10;12;14;17,93,1,-,-,-,-,-,-,-,-,-
7886,1,1;2;3;4;5,3,1,-,1,-,1;2;3;5;6;7;8;9;10;11;12;13;14;15;16;17,93,11,-,-,-,-,-,-,-,-,-
5224,2,-,-,-,-,-,-,-,-,-,1;2;3;4;5,3,2,-,1,3,1;2;3;4;5;6;10;11;12;13;17,93,3;12
7903,1,1;2;3;4;5,4,-,-,1,3,1;2;3;5;6;10;11;12;13,1,3;9,-,-,-,-,-,-,-,-,-
5225,2,-,-,-,-,-,-,-,-,-,1;2;3;4;5,3,90,5;4;6,-,3;5,3;4;6;10;12;14;15,93,2;3;6;7;13
7653,1,1;2;3;4;5,4,-,-,1,-,1;2;3;5;6;7;8;11;10;12;13;17,1,1;3;7,-,-,-,-,-,-,-,-,-
7919,1,1;2;3;4;5,3,1,2;3,-,3,1;2;4;5;6;7;10;11;12;17,1,1;2;3;12;13,-,-,-,-,-,-,-,-,-
5238,2,-,-,-,-,-,-,-,-,-,1;2;3;4;5,4,-,-,1,2,1;2;3;4;6;7;8;9;10;12;11;13;14;16;17,1,1;12
7659,1,1;2;3;4;5,4,-,-,1,3,2;1;3;5;6;10;11;12;13;14,1,6,-,-,-,-,-,-,-,-,-
7906,1,1;2;3;4;5,4,-,-,4,3,1;2;3;4;5;6;10;11;12;13;14;17,2,3;6;7;8;13,-,-,-,-,-,-,-,-,-
5251,2,-,-,-,-,-,-,-,-,-,1;2;3;4;5,3,2,6,-,1,1;2;3;4;6;7;9;10;11;12;13;14;16;18,1,1;3;4;8;9;10;13
7620,1,1;2;3;4;5,3,1,-,1,1,1;2;3;4;5;6;7;8;9;10;11;12;16,1,9;12,-,-,-,-,-,-,-,-,-
7648,1,1;2;3;4;5,3,1,4,-,-,1;2;3;4;5;6;8;10;11;12;13;14;15,1,3;8;12,-,-,-,-,-,-,-,-,-
5254,2,-,-,-,-,-,-,-,-,-,1;2;3;4;5,3,1,-,2,3,2;3;4;6;10;11;12,1,1;3;7
5257,2,-,-,-,-,-,-,-,-,-,1;2;3;4;5,3,90,2,-,1,1;2;3;4;5;6;8;9;10;11;12;13;14,1,6
5033,2,-,-,-,-,-,-,-,-,-,1;2;3;4;5,4,-,-,4;1,3;4,1;2;3;4;5;6;7;8;10;11;12;13;14,1,1
5036,2,-,-,-,-,-,-,-,-,-,1;2;3;4;5,2,2,-,2,8,2;3;6;10;11;12;15,3,1;3;9;8;14
7311,1,2;3;4;5,4,-,-,3,3,2;3;4;6;10;12;14,2,15,-,-,-,-,-,-,-,-,-
5277,2,-,-,-,-,-,-,-,-,-,1;2;4;5;3,3,6,-,2,3,1;2;3;4;5;6;10;11;12;17,1;2,15
7189,1,1;2;3;4;5,1,1,-,1,8,1;3;2;4;5;6;7;8;9;10;11;12;13;14;15;16;17;18,1,1;2;3;4;7;9;10;12;13,-,-,-,-,-,-,-,-,-
5051,2,-,-,-,-,-,-,-,-,-,1;2;3;4;5,1,2,2,-,13,1;2;3;4;6;7;9;10;12;14;17,8,8;14
7317,1,1;2;4;5,4,-,-,4,2,1;2;3;6;8;7;10;12;13;14,1,7,-,-,-,-,-,-,-,-,-
7190,1,1;2;3;4;5,1,2,1;5;4,-,1,1;2;3;4;5;6;10;11;12;13;15;16,1,2;3;10;12;13,-,-,-,-,-,-,-,-,-
7676,1,1;2;3;4;5,4,-,-,4,3,1;2;3;4;5;6;7;10;11;12;13;16;17,1,1;3;6;9;12,-,-,-,-,-,-,-,-,-
7197,1,1;2;3;4;5,1,2,-,1,1,1;2;3;4;6;10;11;12;13;14;15,93,15,-,-,-,-,-,-,-,-,-
5054,2,-,-,-,-,-,-,-,-,-,1;2;3;4;5,4,-,-,1,1,1;2;3;5;6;7;8;10;11;12;13;15;17,1,1
5253,2,-,-,-,-,-,-,-,-,-,1;2;3;4;5,1,90,-,2,1;9,1;2;3;4;6;7;8;10;11;12;17,1,2;3
5284,2,-,-,-,-,-,-,-,-,-,1;2;3;4;5,4,-,-,4,13,3;4;6;10;12;14,1,15
7786,1,1;2;3;4;5,2,1;2,-,1,-,1;2;3;5;6;7;8;9;10;12;13;14,1,15,-,-,-,-,-,-,-,-,-
8038,1,1;2;3;4;5,4,-,-,4,8,1;2;4;7;11;12;15,8,6;8;9,-,-,-,-,-,-,-,-,-
7320,1,1;2;3;4;5,1,3,-,1;2,1;8,1;3;6;7;2;5;10;11;12;13;16;18,93,3;12,-,-,-,-,-,-,-,-,-
7689,1,1;2;3;4;5,4,-,-,2,12,1;2;3;4;5;6;10;12;13,2,2,-,-,-,-,-,-,-,-,-
5059,2,-,-,-,-,-,-,-,-,-,1;2;3;4;5,1,4,-,1,13,1;2;3;4;5;6;7;8;9;10;11;12;13;14;16;17,93,1;2;3;4;8;9;10;12
7481,1,1;2;3;4;5,1,1,-,1,3,1;2;3;4;5;6;8;10;11;12;13;16;17,1;2,15,-,-,-,-,-,-,-,-,-
5243,2,-,-,-,-,-,-,-,-,-,1;2;3;4;5,3,1;2,-,1,1,1;2;3;5;6;10;11;12;13;17,1,3;8
512,1,1;2;3;4;5,4,-,-,4;1,3,1;2;3;4;5;6;7;9;10;11;12;13;14;16;17,1;2,1;2;9;12;13,-,-,-,-,-,-,-,-,-
7186,1,1;2;3;4;5,4,-,-,4,8;2,1;2;4;3;5;6;7;10;12,1,13,-,-,-,-,-,-,-,-,-
7696,1,1;2;3;4;5,2,2,-,2,2,1;2;3;4;6;10;11;12;13;17,1;2,12,-,-,-,-,-,-,-,-,-
5067,2,-,-,-,-,-,-,-,-,-,1;2;3;4;5,1,1;5,2;4,-,-,1;2;3;4;5;6;7;8;9;10;11;12;13;14;16;17;18,1,1;2;3;5;8;9
7962,1,1;2;3;4;5,2,2,2,-,3,1;2;3;4;5;6;7;10;12,8,3,-,-,-,-,-,-,-,-,-
5263,2,-,-,-,-,-,-,-,-,-,1;2;3;4;5,4,-,-,4,3,1;2;3;5;6;7;10;11;12;13;14,2,15
7192,1,1;2;3;4;5,1,1,-,2,8;2,2;3;6;7;10;12,93,15,-,-,-,-,-,-,-,-,-
5070,2,-,-,-,-,-,-,-,-,-,1;2;3;4;5,1,1,-,1;2,1,1;2;3;4;5;6;7;8;9;10;11;12;13;14;16;17;18,1;2,1;2;3;9
5071,2,-,-,-,-,-,-,-,-,-,2;3;4;5,1,2;1,-,1,1,1;2;3;4;5;6;8;9;10;11;12;13;16;17;18,1,1;3;8;9
7199,1,1;2;3;4;5,3,90,-,2;3,1,1;2;3;4;5;6;9;10;11;12,93,1;2;3;8,-,-,-,-,-,-,-,-,-
7984,1,1;2;3;4;5,3,90,-,2,2,1;2;3;4;6;10;11;12;17,1,1;3;7;8;9;12;13,-,-,-,-,-,-,-,-,-
7991,1,2;4;5;1,3,6,-,1;2,-,1;2;3;5;6;8;9;10;11;12;13;16;17,2,13,-,-,-,-,-,-,-,-,-
7996,1,1;2;3;4;5,3,2,-,1,-,2;1;3;5;4;6;10;11;12;13;17,1,1;3;6;12,-,-,-,-,-,-,-,-,-
8000,1,1;2;3;4;5,4,-,-,4,3;2,1;2;3;6;7;8;10;11;12;13,1,1;2;3,-,-,-,-,-,-,-,-,-
8013,1,1;2;3;4;5,2,1,6,-,3,1;2;3;6;8;10;11;12;13;16;17,1,7;9,-,-,-,-,-,-,-,-,-
8021,1,1;2;3;5;4,3,1,-,4,4;3,1;2;3;4;5;8;10;11;12;17,1,1;8;9;12;13,-,-,-,-,-,-,-,-,-
8022,1,1;2;3;4;5,3,90,5,-,-,1;2;3;5;6;10;11;12;13;17,1,15,-,-,-,-,-,-,-,-,-
7323,1,1;2;3;5;4,4,-,-,4,-,1;2;3;4;6;10;11;12;13;17,1,2;3;6;8,-,-,-,-,-,-,-,-,-
132,1,1;2;3;4;5,1,2,-,1,1,8;7;6;5;3;2;1;10;11;12;13;17;18,1,3,-,-,-,-,-,-,-,-,-
7325,1,1;2;3;4;5,1,1,-,2,3,1;3;2;4;5;6;10;11;12;13;14;16,8,15,-,-,-,-,-,-,-,-,-
5195,2,-,-,-,-,-,-,-,-,-,1;2;3;4;5,1,1;2,5,-,1,1;2;3;5;6;7;9;4;10;12;13;16;17,1,3;4;9
7910,1,1;2;3;4;5,3,90,6,-,7;2,2;3;4;6;10;11;12;13;14,1,6;7;9;12,-,-,-,-,-,-,-,-,-
7329,1,1;4;3;5,1,1,3,-,9,3;2;5;4;6;10;11;12;13;17,1,12,-,-,-,-,-,-,-,-,-
5269,2,-,-,-,-,-,-,-,-,-,1;2;3;4;5,2,2;3,-,5,-,1;2;3;4;5;6;7;9;10;11;12;13;14;16;17,93,1;7;8;9
7935,1,1;2;3;4;5,1,2,-,2,-,1;2;3;5;6;10;11;12;13;14,1,1;2;3;9;10;12;13,-,-,-,-,-,-,-,-,-
7330,1,1;3;2;4;5,1,1,-,1,-,1;3;2;5;4;6;8;10;12;13;17,8,15,-,-,-,-,-,-,-,-,-
156,1,2;3;4;5,1,1,2,-,3;2,1;2;3;4;6;7;8;9;10;11;12;13;15;14;17,1,9;3,-,-,-,-,-,-,-,-,-
7334,1,1;2;3;4;5,1,1,-,2,9,3;2;1;5;4;6;9;10;12;13;16;17,93,2;8,-,-,-,-,-,-,-,-,-
5621,2,-,-,-,-,-,-,-,-,-,1;2;3;5,3,1,-,3,3,10;1;2;3;11;12;4;6;16;17,1,3
5127,2,-,-,-,-,-,-,-,-,-,1;2;3;4;5,3,1,-,1,9,1;2;3;4;5;6;7;8;9;10;11;12;14;16;17,1,9;10;13
7327,1,4;5;1;2;3,3,90,-,2,4,1;2;3;5;6;7;8;10;12;13;14;17,93,7,-,-,-,-,-,-,-,-,-
5359,2,-,-,-,-,-,-,-,-,-,1;2;3;4;5,4,-,-,4,3,2;3;4;5;6;10;11;12;13;14;15;17,93,3;2;8;9;12;13;1
5693,2,-,-,-,-,-,-,-,-,-,1;2;3;4;5,4,-,-,4,-,1;2;3;5;6;12;17,1,2;6
7196,1,1;2;3;4;5,4,-,-,4,4;1,1;2;3;4;5;6;7;8;10;11;12,8,15,-,-,-,-,-,-,-,-,-
5521,2,-,-,-,-,-,-,-,-,-,1;2;4;3;5,3,90,-,4,3,1;2;3;4;6;7;8;10;11;12;14;17,1,1;6;12
5362,2,-,-,-,-,-,-,-,-,-,1;2;3;4;5,4,-,-,4,-,1;2;3;4;5;12;13,1,3
7488,1,3;2;1;4;5,4,-,-,4,8,3;4;5;1;2;6;8;10;12;11;13;14;16;17,1,7;1,-,-,-,-,-,-,-,-,-
5136,2,-,-,-,-,-,-,-,-,-,1;2;3;4;5,4,-,-,4,2;3,1;2;3;4;6;10;12,1,8;13
5476,2,-,-,-,-,-,-,-,-,-,1;2;3;4;5,3,1,-,2,8,2;10;11;12,1,3
5477,2,-,-,-,-,-,-,-,-,-,1;2;3;4;5,4,-,-,4,8;3,1;10,1,3;5
5407,2,-,-,-,-,-,-,-,-,-,2;3;5,1,2,2;4,-,3,1;2;3;4;5;6;10;11;12;13;14;15,1,1;2
5498,2,-,-,-,-,-,-,-,-,-,1;2;3;4;5,3,90,-,4;1,-,1;2;3;4;5;6;7;8;9;10;11;12;13;14;17,1,10
5480,2,-,-,-,-,-,-,-,-,-,1;2;3;4;5,4,-,-,5,8,1;2;3;4;6;10;12;11;13;14,1,3;12;13
5481,2,-,-,-,-,-,-,-,-,-,1;2;3;4;5,2,2,-,1,3;8,1;2;3;4;5;6;7;10;11;12,1,3
5406,2,-,-,-,-,-,-,-,-,-,1;2;3;4;5,1,1,2,-,1,1;2;3;5;6;7;8;9;10;11;12;13;14;17,8,14
5506,1,1;2;3;4;5,3,1,-,4;1,-,1;2;3;4;5;6;8;9;10;11;12;13;14;17,1,8;13,-,-,-,-,-,-,-,-,-
5203,2,-,-,-,-,-,-,-,-,-,1;2;3;4;5,1,1,-,1,13,1;2;3;4;5;6;10,93,12
7351,1,1;3;2;5;4,6,-,4;6,-,1,1;2;3;6;7;10;12;13;17,8;1,10;12,-,-,-,-,-,-,-,-,-
5482,2,-,-,-,-,-,-,-,-,-,1;2;3;4;5,3,2,2,-,-,1;2;3;4;5;6;10;11;12;13,1,1;3
5623,2,-,-,-,-,-,-,-,-,-,1;2;3;4;5,3,1,5,-,-,1;2;3;4;5;6;10;11;12;13;14;15,1,1;6;8;9;10;12;13
5076,2,-,-,-,-,-,-,-,-,-,1;2;3;4;5,1,1;2,-,1,1,1;2;3;4;5;6;7;8;9;10;11;12;13;16;17,1;8,1;2;9
5507,2,-,-,-,-,-,-,-,-,-,1;2;3;4;5,2,3,4,-,2,3;5;6;10;11;12,2,12
5079,2,-,-,-,-,-,-,-,-,-,1;2;3;4;5,3,6,-,1,1,1;2;3;5;10;11;12,8,15
7200,1,1;2;3;4;5,2,3,-,2,1,1;2;3;4;6;10,1,15,-,-,-,-,-,-,-,-,-
7869,1,1;2;3;4;5,1,90,-,2,-,1;2;3;4;5;6;7;8;10;11;12;13;14;17,93,15,-,-,-,-,-,-,-,-,-
7051,1,1;2;3;4;5,2,2,-,1,-,1;2;3;6;7;10;11;12;13;14;17,1,15,-,-,-,-,-,-,-,-,-
5125,2,-,-,-,-,-,-,-,-,-,1;2;3;4;5,1,5,-,2,3;2,1;3;5;6;10;11;12,1,2;3;7
5483,2,-,-,-,-,-,-,-,-,-,1;2;3;4;5,3,1,-,1,3,1;2;3;6;10;12;13;14,1,1;2;3;6;13
7204,1,1;2;3;4;5,4,-,-,4,2,1;2;3;4;5;6;7;8;10;11;12;13,93,6,-,-,-,-,-,-,-,-,-
5463,2,-,-,-,-,-,-,-,-,-,1;2;3;4;5,1,1,2,-,9,1;2;3;4;5;6;8;10;11;12;13;14,1,1
7908,1,1;2;3;4;5,2,1;2,6,-,3;4,1;2;3;5;4;6;8;10;11;12;13;14;15;16,1,2;3;6;8;10;12;13,-,-,-,-,-,-,-,-,-
5398,2,-,-,-,-,-,-,-,-,-,1;2;3;4;5,2,3,-,2,8,3;4;5;6;10;12;14,1,6;12
5221,2,-,-,-,-,-,-,-,-,-,1;2;3;4;5,2,2,-,2,8;3,1;2;3;4;6;7;8;10;11;12;17,1,3;10
5093,2,-,-,-,-,-,-,-,-,-,1;2;3;4;5,4,-,-,4,-,1;2;3;4;5;6;7;10;11;12;13;14;17,1,1;2;3;5
5629,2,-,-,-,-,-,-,-,-,-,1;2;3;4;5,3,1,-,2,3;4,3;4;5;6;10;11;12;14;15;17,93,2;9;12;13
5397,2,-,-,-,-,-,-,-,-,-,1;2;3;4;5,1,1,-,1,3,1;2;3;4;5;6;7;8;9;10;11;12;13;14;16;17,1,15
5515,2,-,-,-,-,-,-,-,-,-,1;2;3;4;5,3,90,-,4,-,1;2;3;4;6;9;10;11;12;13;17,1,1
7845,1,1;2;3;4;5,4,-,-,1,-,1;2;3;4;5;6;7;8;9;10;11;12;13;14;15;16,2,2;3;8;9;10,-,-,-,-,-,-,-,-,-
5466,2,-,-,-,-,-,-,-,-,-,1;2;4;5;3,5,-,-,4,1,3;6;10;12,8,1;3;13
7210,1,1;2;3;4;5,3,1;2,2,-,1,1;2;3;4;5;6;7;8;10;12;13;16,93,13,-,-,-,-,-,-,-,-,-
5099,2,-,-,-,-,-,-,-,-,-,1;2;3;4;5,1,1,-,2,3,1;2;3;4;5;6;7;8;10;11;12;17,8,3;10
5630,2,-,-,-,-,-,-,-,-,-,1;2;3;4;5,3,1,-,1,-,1;2;3;5;6;9;10;11;12;13;14;15;17,1,3;8;10
5519,2,-,-,-,-,-,-,-,-,-,1;2;3;4;5,4,-,-,4,3,1;2;4;5;6;10;11,1,9
5180,2,-,-,-,-,-,-,-,-,-,1;2;3;4;5,3,90,-,1,3;2;4,3;4;6;7;12,93,12
7363,1,1;2;3;4;5,1,1,2;1,-,1,3;1;2;4;5;6;8;9;10;11;12;13;14;17,1,1;3;6;7;8,-,-,-,-,-,-,-,-,-
5395,2,-,-,-,-,-,-,-,-,-,1;2;3;4;5,4,-,-,4,2,2;3;4;6;10;12;14,4,14
5467,2,-,-,-,-,-,-,-,-,-,2;3;4;5,4,-,-,2;3,4;3,2;3;6;10;11;12;14,2,12
7822,1,1;2;3;4;5,2,3,4;2,-,-,1;2;3;6;8;9;10;11;12;13;14;17;16,93,1;3;6;9;8;10;13,-,-,-,-,-,-,-,-,-
5523,2,-,-,-,-,-,-,-,-,-,1;2;3;4;5,3,1;2,-,1,3,1;2;3;4;5;6;8;9;10;11;12;13;16;17,2,8
7214,1,1;2;3;4;5,1,1,-,2,1,1;2;3;6;10,1,12,-,-,-,-,-,-,-,-,-
5384,2,-,-,-,-,-,-,-,-,-,1;2;3;4;5,3,90,-,1,3,2;3;4;5;6;8;10;11;12;13;17,8,14
7058,1,1;2;3;4;5,1,1,2,-,1,2;1;5;6;7;10;11;12;13;14;15,8;2,1;2;9;12,-,-,-,-,-,-,-,-,-
5022,2,-,-,-,-,-,-,-,-,-,1;2;3;4;5,4,-,-,4,1,1;2;3;4;5;6;7;8;10;9;11;12;13;14;16;17,8,8;12
5282,2,-,-,-,-,-,-,-,-,-,1;2;3;4;5,1,1;2,-,1,-,1;2;3;4;5;6;7;8;9;10;11;12;13;17,93,12
7719,1,3;4;5,3,2,1;5,-,8,1;2;3;4;5;6;9;10;11;13;12;14,8,1;4;5;8;12,-,-,-,-,-,-,-,-,-
5464,2,-,-,-,-,-,-,-,-,-,1;2;3;4;5,2,2,-,2,2,2;3;4;5;6;8;10;11;12;15,1,1;3;4;8;10;9;13
5633,2,-,-,-,-,-,-,-,-,-,1;2;3;4;5,4,-,-,4,2;3,6;10;11;12;14;16,1,1;8;12
5529,2,-,-,-,-,-,-,-,-,-,1;2;3;4;5,4,-,-,4,3,3;4;6;10;11;12,1,15
5469,2,-,-,-,-,-,-,-,-,-,2;3;4;5,1,2,-,1,1,1;2;3;4;5;6;10;9;11;12;13;14,1,3
5530,2,-,-,-,-,-,-,-,-,-,1;2;3;4;5,4,-,-,4,-,1;2;3;6;10;11;12;13;14,1,1
7062,1,1;2;3;4;5,4,-,-,4,-,1;2;3;5;4;6;7;8;10;11;12;13;14;16;17,8,3,-,-,-,-,-,-,-,-,-
5119,2,-,-,-,-,-,-,-,-,-,1;2;3;4;5,3,90,-,4,-,1;2;3;5;10;11;12;14;17;18,1,3;9;12;13
5031,2,-,-,-,-,-,-,-,-,-,1;2;3;4;5,3,2,-,2,3;4,1;2;3;5;6;7;8;9;10;11;12,8,3;8
5473,2,-,-,-,-,-,-,-,-,-,1;2;3;4;5,4,-,-,4,3;8,10;11;12;15,1,2;3;6;8;9
7223,1,1;2;3;4;5,2,2,-,1,3,1;2;3;4;5;6;7;10;12;13,93,15,-,-,-,-,-,-,-,-,-
5379,2,-,-,-,-,-,-,-,-,-,2;3;4;5,3,1,-,1,-,1;2;3;4;5;6;9;10;11;12;13,1,15
7995,1,1;2;3;4;5,5,-,-,4,-,1;3;5;6;7;8;9;10;11;12;14;17,1,2;3;7;13,-,-,-,-,-,-,-,-,-
5280,2,-,-,-,-,-,-,-,-,-,1;2;3;4;5,3,1,5,-,1,1;2;3;4;5;6;7;8;9;10;11;12;13;14;16;17;18,1,1;8;12;13
7725,1,1;2;3;4;5,4,-,-,4,3;8,2;3;4;5;6;10;12;17,2,2,-,-,-,-,-,-,-,-,-
5643,2,-,-,-,-,-,-,-,-,-,1;2;3;4;5,3,90,-,1,-,1;3;4;5;6;9;10;11;12;13;17,1,3
7791,1,1;2;3;4;5,2,4,-,1,1,1;2;3;4;5;6;8;7;10;11;12;13;14;16,93,15,-,-,-,-,-,-,-,-,-
5156,2,-,-,-,-,-,-,-,-,-,1;2;3;4;5,2,2,6;5,-,9,2;3;4;10,1,3
7064,1,1;2;4;5,3,90,-,2,3,1;2;3;6;10;12;14;15;17,1,1;3,-,-,-,-,-,-,-,-,-
7501,1,1;2;3;4;5,4,-,-,4,3,1;2;3;4;5;6;7;8;10;11;12;13,8,15,-,-,-,-,-,-,-,-,-
5152,2,-,-,-,-,-,-,-,-,-,1;2;3;4;5,3,90,-,2,3;4,1;3;2;4;10;12,1,14;5
7219,1,1;2;3;4;5,3,2,-,1,1,1;2;3;4;5;6;7;8;9;10;11;12;13;16;17,8,1;8;12;13,-,-,-,-,-,-,-,-,-
5145,2,-,-,-,-,-,-,-,-,-,1;2;3;4;5,1,1,-,1,1,1;2;3;4;5;6;7;10;11;12;13;14;16;17,1,15
5038,2,-,-,-,-,-,-,-,-,-,1;2;4;5,1,1,-,3,3,1;2;3;4;6;7;10;12,1,15
5046,2,-,-,-,-,-,-,-,-,-,1;2;3;4;5,4,-,-,4,1,1;2;3;5;6;10;13;14;15,4,1;2;3;8;9
5066,2,-,-,-,-,-,-,-,-,-,1;2;3;4;5,1,1;2,-,2,1,1;2;3;5;6;10;11;12;17,8,8
7596,1,1;2;3;4;5,3,90,-,2,4,1;3;5;6;8;10;11;12;13;14,2,1;13;7,-,-,-,-,-,-,-,-,-
5095,2,-,-,-,-,-,-,-,-,-,1;2;3;4;5,3,90,-,4,2,1;2;3;4;5;6;7;8;9;10;11;12;13;16;17,1,12
5013,2,-,-,-,-,-,-,-,-,-,1;2;3;4;5,1,1,-,2,3;4,2;6;10;12;14;15,8,9
7581,1,1;2;3;4;5,4,-,3,-,8;2,2;3;5;10;11;12,1,1,-,-,-,-,-,-,-,-,-
7579,1,1;2;3;4;5,3,3,-,1,9,1;2;3;5;6;9;10;11;12;13;17,1,1;4;8,-,-,-,-,-,-,-,-,-
5415,2,-,-,-,-,-,-,-,-,-,1;2;3;4;5,2,2,-,1,1,1;2;3;4;6;5;8;10;11;12;13;14,1,1;2;13
7379,1,1;3;2;5;4,3,5;1,-,4,3,1;3;2;5;6;8;10;11;12;13;14;16;17,1,15,-,-,-,-,-,-,-,-,-
5375,2,-,-,-,-,-,-,-,-,-,1;2;3;4;5,4,-,-,2,3,2;3;5;6;10;11;12;14;16;17,93,15
5429,2,-,-,-,-,-,-,-,-,-,1;2;3;4;5,4,-,-,4,3,1;2;3;4;6;10;11;12;14,1,2
7381,1,1;2;3;4;5,1,1,6,-,2;8,3;2;1;5;6;9;10;12;13;17,8,3,-,-,-,-,-,-,-,-,-
5365,2,-,-,-,-,-,-,-,-,-,1;2;3;4;5,3,2,-,2,3;2,3;5;6;7;10;11;12;13;14,1,6
5364,2,-,-,-,-,-,-,-,-,-,1;2;3;4;5,3,2,1;2;3;4;5,-,2,1;3;5;7;10;11;12;13;14,1,15
7387,1,1;2;3;4;5,1,2,-,2,1;9,1;2;3;4;12;15,1,15,-,-,-,-,-,-,-,-,-
5443,2,-,-,-,-,-,-,-,-,-,1;2;3;4;5,4,-,-,1,-,1;2;3;4;5;6;7;8;9;10;11;12;13;14,1,1;3;6;7;9;12;13
5154,2,-,-,-,-,-,-,-,-,-,1;2;3;4;5,1,1,-,2,9;3,1;2;3;10;12;14,1,3;13;12
5271,2,-,-,-,-,-,-,-,-,-,1;2;3;4;5,4,-,-,4,3;2,2;3;4;5;6;9;10;11;12,93,3;8;13
5300,2,-,-,-,-,-,-,-,-,-,1;2;3;4;5,3,2,-,2,2;9,1;2;3;4;5;6;8;10;11;12;13;14;17,1,1;2;5;12;13
7216,1,1;2;3;4;5,1,1,-,2,1,1;2;3;6;7;10;11;12;13;16;17,1,1;2;3;8,-,-,-,-,-,-,-,-,-
5608,2,-,-,-,-,-,-,-,-,-,1;5;4,3,1,-,2,-,1;2;3;4;6;10;11;12,93,8;12
5103,2,-,-,-,-,-,-,-,-,-,2;3;4;5,4,-,-,4;1,1;3,3;5;6;9;12;14,1,3;13
5068,2,-,-,-,-,-,-,-,-,-,1;2;3;4;5,1,1,-,2,2;1,1;2;3;4;5;6;10;12,1,1;2;3;14
5450,2,-,-,-,-,-,-,-,-,-,1;2;3;4;5,4,-,-,3,3;8,2;3;5;6;10;11;12,1,1;13
5072,2,-,-,-,-,-,-,-,-,-,1;2;3;4;5,1,1,-,2,13,1;2;3;5;6;10;11;12,1,1
151,1,2;3;4;5,3,6,5;2,-,4,1;2;5;6;10;11;13;14;17,1,1;2;3;10;13,-,-,-,-,-,-,-,-,-
5306,2,-,-,-,-,-,-,-,-,-,1;2;3;4;5,1,3,-,1,-,1;2;3;5;6;7;8;10;11;12;13;14;17,1,15
5648,2,-,-,-,-,-,-,-,-,-,1;2;3;4;5,4,-,-,4,-,1;2;3;4;6;9;10;11;14,1,15
7208,1,1;3;2;5;4,1,1,-,1,1,2;1;3;4;5;6;7;8;10,93,15,-,-,-,-,-,-,-,-,-
5107,2,-,-,-,-,-,-,-,-,-,1;2;3;4;5,4,-,-,4,2,1;2;3;4;5;6;10;12;11;17,93,12
5296,2,-,-,-,-,-,-,-,-,-,1;2;3;4;5,4,-,-,4,8;3,1;2;3;4;5;6;7;10;11;12;13;14,1,15
7390,1,2;1;3;5;4,1,1;2,6,-,4,1;3;2;5;6;7;8;10;11;12;13;16,93,3;13;9;1,-,-,-,-,-,-,-,-,-
5231,2,-,-,-,-,-,-,-,-,-,2;3;5;1;4,2,3,-,2,1,1;2;3;4;5;6;10;11;12,1,1;2;3;7;10
5653,2,-,-,-,-,-,-,-,-,-,1;2;3;4;5,4,-,-,4,8,2;3;5;6;9;10;11;12;13;15,1,6;8;12
7215,1,1;2;3;4;5,1,1,-,1,1,1;2;3;4;5;6;7;8;9;10;11;12;13;17,93,1;2;3;4;8;9;13,-,-,-,-,-,-,-,-,-
5312,2,-,-,-,-,-,-,-,-,-,1;2;3;4;5,2,1;2,6,-,8;3,2;3;4;6;10;11;12,8,14
7392,1,1;3;2;4;5,1,1,1,-,4,1;3;2;4;6;5;7;8;9;11;10;12;13;14,1,3;8;10;12;13,-,-,-,-,-,-,-,-,-
5478,2,-,-,-,-,-,-,-,-,-,1;2;3;4;5,4,-,-,4,-,1;3;5;6;10;11;12;13,7,1;2;3;6
5114,2,-,-,-,-,-,-,-,-,-,1;2;3;4;5,4,-,-,4,9,1;2;3;6;12,1,14
7826,1,1;2;3;4;5,4,-,6,-,-,1;2;3;4;6;7;8;9;10;11;12;13;17;18,1,1;2;3;4;5;8;10;13;12,-,-,-,-,-,-,-,-,-
5437,2,-,-,-,-,-,-,-,-,-,1;2;3;4;5,3,1;2,-,1,-,1;2;3;4;5;6;8;9;7;10;11;12;13;14;16,1,1;3
7376,1,3;1;2;4;5,1,1;2,6,-,4,1;3;2;5;4;6;7;8;9;10;11;12;13;16;17,1,8;1;9;12;13,-,-,-,-,-,-,-,-,-
5317,2,-,-,-,-,-,-,-,-,-,2;3;4;5,2,2,-,2,-,3;6;10;11;12,8,6;10;12
5436,2,-,-,-,-,-,-,-,-,-,1;2;3;4;5,2,4,-,5,8;3,1;2;3;5;6;7;10;12,93,15
7850,1,1;2;3;4;5,4,-,-,4,1,2;1;4;5;6;7;10;11;12;13;16,93,1;3;2;9,-,-,-,-,-,-,-,-,-
5664,2,-,-,-,-,-,-,-,-,-,1;2;3;4;5,4,-,-,4,2,6;10;11;12;13;15,93,1;2;8
7417,1,1;3;2;4;5,1,1,4,-,1,1;3;2;4;6;8;7;10;12;17,2;1,2,-,-,-,-,-,-,-,-,-
7871,1,1;2;3;4;5,1,3,2,-,-,1;2;3;4;5;9;10;11;12;13,1,4;5;8;10;11;12,-,-,-,-,-,-,-,-,-
5667,2,-,-,-,-,-,-,-,-,-,1;2;3;4;5,1,3,6,-,-,1;2;3;4;5;6;10;11;12;17,1,1;3;12;13
7603,1,1;2;3;4;5,3,90,2;5,-,4,1;2;3;5;6;8;10;11;12;13;14,2,14,-,-,-,-,-,-,-,-,-
7609,1,1;2;3;5;4,4,-,-,4,3,1;2;3;5;6;7;8;10;11;12;13;14;16;17;18,1,15,-,-,-,-,-,-,-,-,-
7879,1,1;2;3;4;5,3,1,6,-,-,1;2;3;4;5;6;7;8;10;11;12;13;14;16;17,1,1;3;9;12;13,-,-,-,-,-,-,-,-,-
5672,2,-,-,-,-,-,-,-,-,-,1;2;3;4;5,3,1,-,3,-,1;2;3;5;6;7;8;9;10;11;12;13;14;16;17,1,1;6
7623,1,1;2;3;4;5,2,2,2,-,-,2;1;3;5;6;10;11;12;13;14;15;16;18;17,1,1;3,-,-,-,-,-,-,-,-,-
5566,2,-,-,-,-,-,-,-,-,-,1;2;3;4;5,1,90,-,1,1,1;2;3;4;5;6;7;8;9;10;11;12;13;16;17,93,15
5270,2,-,-,-,-,-,-,-,-,-,1;3;2;4;5,3,1,-,4,4,1;2;3;5;6;10;12;13;14;17,93,13
5556,2,-,-,-,-,-,-,-,-,-,1;2;3;4;5,3,1,4;6,-,4,1;2;3;4;5;6;7;9;10;11;12;16;17;18,8,1;2;3;8;12
7890,1,1;2;3;4;5,3,90,-,1,1;4,1;2;3;5;6;7;8;10;11;12;13;16;17,1,1;3;8;11;12;13,-,-,-,-,-,-,-,-,-
5568,2,-,-,-,-,-,-,-,-,-,1;2;3;4;5,2,2,-,1,-,1;2;3;4;5;6;7;8;9;10;11;12;13;14;15;16;17,8,1;2;3;9;10;8
7654,1,1;2;3;4;5,3,1,2;4,-,-,1;2;3;4;5;6;9;11;10;12;13,1,1;2;3;8;13,-,-,-,-,-,-,-,-,-
7086,1,1;2;3;4;5,4,-,-,3,1,1;2;3;4;5;6;7;8;10;11;12;13;14;17,1,15,-,-,-,-,-,-,-,-,-
7410,1,1;2;3;4;5,1,90,-,2;4,9;8;3,1;2;4;5;6;11;10;12;13;14;17,2;1;3,13,-,-,-,-,-,-,-,-,-
5267,2,-,-,-,-,-,-,-,-,-,1;2;3;4;5,3,6,-,4,1;8,1;2;3;5;6;8;9;10;11;12;13;17,1,1;6;9
5453,2,-,-,-,-,-,-,-,-,-,1;2;3;4;5,3,1,5,-,-,1;2;3;5;6;8;10;9;12;13;14,8,6;8;13
5674,2,-,-,-,-,-,-,-,-,-,1;2;3;4;5,4,-,-,4,2;3,2;6;10;11;12,1,3;2;13
5571,2,-,-,-,-,-,-,-,-,-,1;2;3;4;5,3,2,-,5,-,1;2;3;4;5;6;7;8;9;10;11;12;13;14;16;17;18,93,3;9;12
7087,1,1;2;4;5,1,1,-,1,1,1;2;3;4;5;6;7;8;9;10;11;12;13;14;16;17,1,1;3;4;5;8;9;10;12,-,-,-,-,-,-,-,-,-
5660,2,-,-,-,-,-,-,-,-,-,1;2;3;4;5,3,1,-,1,-,1;2;3;5;6;10;12;13,1,3;13
5244,2,-,-,-,-,-,-,-,-,-,1;2;3;4;5,1,1;2,2;1;4,-,2,1;2;3;4;5;6;8;10;11;12;13;16;17,1,1;2;3;8;9;12;13
5573,2,-,-,-,-,-,-,-,-,-,1;2;3;4;5,4,-,-,4,3;4;2,1;2;3;5;6;8;10;11;12;14,1,1;3;12;13
7090,1,1;2;3;4;5,1,1,-,2,3,1;2;3;5;6;7;8;10;11;12;13;14;17,1,3,-,-,-,-,-,-,-,-,-
7526,1,2;1;3;4;5,2,1;2,3,-,-,1;2;3;5;10;11;12;13;14;17,1,15,-,-,-,-,-,-,-,-,-
5676,2,-,-,-,-,-,-,-,-,-,1;2;3;4;5,3,1,-,1,3,2;3;5;6;10;11;12;14;17,93,1;2;3;7;8
5550,2,-,-,-,-,-,-,-,-,-,1;2;3;4;5,3,2,-,2,-,1;2;3;5;6;7;10;11;12;13;14;17,1,8;9;10;11;12;13
5575,2,-,-,-,-,-,-,-,-,-,1;3;4;5,3,1,-,2,2,4;6;7;10;11;12,1,1
5680,2,-,-,-,-,-,-,-,-,-,1;2;3;4;5,3,2,2,-,3,1;2;3;5;6;8;9;10;11;12;13;14;16;17,1,1;2;3;8;9;13
7093,1,1;2;3;4;5,4,-,-,4,1;3,1;2;3;5;6;10;11;12;17,8,13;3,-,-,-,-,-,-,-,-,-
5577,2,-,-,-,-,-,-,-,-,-,1;2;3;4;5,3,1,6,-,3,1;2;3;4;5;6;10;12;17,1,1;3
5681,2,-,-,-,-,-,-,-,-,-,1;2;3;4;5,4,-,-,4,4,2;3;4;5;6;10;11;12;14,1,1;3;8;9;12;13
5578,2,-,-,-,-,-,-,-,-,-,1;2;3;4;5,3,5,-,4,4,1;3;5;8;10;11;12,1,2;3
5682,2,-,-,-,-,-,-,-,-,-,1;2;3;4;5,4,-,-,4,-,3;5;6;10;11;12;13,8,9
5137,2,-,-,-,-,-,-,-,-,-,1;2;3;4;5,1,2,-,2,1,3;5;6;7;10;14;15,93,12;13
5684,2,-,-,-,-,-,-,-,-,-,1;2;3;4;5,4,-,-,4,2,5;6;10;11;12;13,93,15
7095,1,1;2;3;4;5,3,90,6,-,3,1;2;3;5;6;7;8;10;11;12;13;14;15;17,1,3,-,-,-,-,-,-,-,-,-
7793,1,1;2;3;4;5,3,90,2,-,3,1;2;3;4;6;8;10;11;12;13,1,3,-,-,-,-,-,-,-,-,-
5316,2,-,-,-,-,-,-,-,-,-,1;2;3;4;5,3,1,-,4,4,4;6;10;11;12;13;16,1,15
5679,2,-,-,-,-,-,-,-,-,-,1;2;3;4;5,4,-,-,4,3,1;3;6;10;11;12,93,2;12;13
5320,2,-,-,-,-,-,-,-,-,-,3;5;2,5,-,-,4,8,1;2;3;4;6;8;10;11;12;13;14;15;16;17,2,1;12
5164,2,-,-,-,-,-,-,-,-,-,1;2;3;4;5,1,6,-,2,2,1;2;3;5;4;6;7;8;10;11;12;14,1,3
5322,2,-,-,-,-,-,-,-,-,-,1;2;3;4;5,3,1,2,-,8,1;2;3;4;5;6;7;8;10;11;13,1,3
7096,1,1;2;3;4;5,3,90,-,3,3,1;2;3;5;6;7;8;9;10;11;12;13;14;17,1;8,13,-,-,-,-,-,-,-,-,-
5546,2,-,-,-,-,-,-,-,-,-,1;2;3;4;5,4,-,-,4;5,-,1;2;3;4;5;6;10;11;12;13;14,1,15
214,1,2;3;4;5,4,-,-,4,1,1;2;3;4;5;6;7;8;9;10;11;12;13;14;16;17,93,15,-,-,-,-,-,-,-,-,-
7226,1,2;3;4;5,4,-,-,4,3;2,1;2;5;6;8;10;9;12;17,1,15,-,-,-,-,-,-,-,-,-
7507,1,1;2;3;4;5,2,2,-,1,3,1;2;3;4;5;6;8;10;12;13;14;16,1,1;12;13,-,-,-,-,-,-,-,-,-
5123,2,-,-,-,-,-,-,-,-,-,1;2;3;4;5,3,1,-,1,1,1;3;4;7;9;5;2;6;8;11;10;12;13;16;17;18,2,15
5289,2,-,-,-,-,-,-,-,-,-,1;2;3;4;5,3,5,-,4,8,1;2;3;5;6;8;10;12;14;16,1,7;13
7395,1,1;2;3;4;5,1,6,-,2,8,2;3;4;6;10;12;13,1,15,-,-,-,-,-,-,-,-,-
5649,2,-,-,-,-,-,-,-,-,-,1;2;3;4;5,3,1,6,-,8,2;3;4;6;10;11;12;14;17,1,1;2;3;7;8
7227,1,1;2;3;4;5,3,1,-,1,-,6;7;8;5;2;1;3;4;10;11;12;13;14;16;17,1,15,-,-,-,-,-,-,-,-,-
5651,2,-,-,-,-,-,-,-,-,-,1;2;3;4;5,4,-,-,4,3,1;2;3;5;6;8;10;11;12;14,93,3;13
5425,2,-,-,-,-,-,-,-,-,-,1;2;3;4;5,4,-,-,4;3,1;3,1;2;3;4;5;6;7;8;9;10;11;12;13;15;16,93,1
7233,1,1;2;3;4;5,4,-,-,2,4;2,3;2;1;6;10;11;12,1,15,-,-,-,-,-,-,-,-,-
109,1,1;2;3;4;5,2,2,-,1,3,1;2;3;4;5;8;9;10;11;12;13;14;15;16;17,1,15,-,-,-,-,-,-,-,-,-
5449,2,-,-,-,-,-,-,-,-,-,1;2;3;4;5,3,1,-,1,4,1;2;3;6;10;11;12;13;14;15;16,1,11
7237,1,1;2;3;4;5,4,-,-,4,3;1,8;9;10;6;7;4;3;1;2;5;13;14;12,1,1;12,-,-,-,-,-,-,-,-,-
7396,1,1;2;3;4;5,3,1,6,-,1,3;2;1;4;8;10;12;13,1,15,-,-,-,-,-,-,-,-,-
5635,2,-,-,-,-,-,-,-,-,-,1;2;3;4;5,3,2,2;6,-,-,1;2;3;4;5;6;10;11;12;13;14;17,93,1;6;12;13
113,1,1;2;3;4;5,4,-,-,4,2,1;2;3;4;5;6;10;11;12;13;14,1,1;12,-,-,-,-,-,-,-,-,-
120,1,1;2;3;4;5,4,-,-,4,9,2;3;6;12;13,93,15,-,-,-,-,-,-,-,-,-
7238,1,1;2;4;3;5,5,-,-,3,8,1;2;3;4;5;6;7;8;10;11;12;13;16;17,93,12;13,-,-,-,-,-,-,-,-,-
5272,2,-,-,-,-,-,-,-,-,-,1;2;3;4;5,2,2;1,6,-,8,1;2;3;6;12;16;17,1,1;2;3;8;9;10;12;13
108,1,1;2;3;4;5,4,-,-,4,3;9,2;3;6;8;10;11;12,1,14,-,-,-,-,-,-,-,-,-
112,1,1;2;3;4;5,1,1,-,1,13,1;2;3;4;6;9;10,2,12,-,-,-,-,-,-,-,-,-
5474,2,-,-,-,-,-,-,-,-,-,1;2;3;5;4,3,2,-,1,1,1;2;3;4;5;6;8;10;11;12;13;14;17,93,3
124,1,1;2;3;4;5,2,3,5;6,-,-,1;2;3;5;6;7;8;10;11;12;13;17,1,1;13,-,-,-,-,-,-,-,-,-
104,1,1;2;3;4;5,1,2,1;5,-,13,1;2;3;4;5;6;7;8;9;10;11;12;13;14;15;16;17,1,1;9;10,-,-,-,-,-,-,-,-,-
5475,2,-,-,-,-,-,-,-,-,-,1;2;3;4;5,3,2,-,1,-,1;2;3;5;4;6;8;9;10;11;12;13;14;16;17,93,13;12;10
7942,1,2;3;4;5,4,-,-,4,3;8,1;2;3;4;5;6;7;8;10;11;12;13;17,1;2,1;12;13,-,-,-,-,-,-,-,-,-
