Codigo,Nombre,1997,1998,1999,2000,2001,2002,2003,2004,2005,2006,2007,2008,2009,2010,2011
21,Adalberto Enrique Jaimes,0,0,0,0,0,0,0,0,0,0,0,0,0,0,0
71,Albeiro Vanegas,0,0,0,0,0,0,0,0,0,0,0,0,0,0,0
165,Alfonso Angarita,0,0,0,0,0,0,0,0,0,0,0,0,0,0,0
202,Alfonso Enrique Anaya,0,0,0,0,0,0,0,0,0,0,0,0,0,0,0
243,Alonso Acosta,0,0,0,0,0,0,0,0,0,0,0,0,0,0,0
301,Alvaro Alfonso Garcia,0,0,0,0,0,0,0,0,0,0,0,1,0,1,0
376,Andres Ricaurte,0,0,0,0,0,0,0,0,0,0,0,0,0,0,0
449,Antonio Del Cristo Guerra,0,0,0,0,0,0,0,0,0,0,0,0,0,1,0
472,Arcesio Perdomo,0,0,0,0,0,0,0,0,0,0,0,0,0,0,0
572,Basilio Villamizar,0,0,0,0,0,0,0,0,0,0,0,0,0,0,0
605,Bernardo Miguel Elias,0,0,0,0,0,0,0,0,0,0,0,0,2,3,4
649,Camilo Hernando Torres,0,0,0,0,0,0,0,0,0,0,0,0,0,0,0
705,Carlos Abraham Moreno,0,0,0,0,0,0,0,0,0,0,0,0,0,0,0
746,Carlos Armando Garcia,0,0,0,0,0,0,0,0,0,0,0,1,1,0,0
766,Carlos Arturo Quintero,0,0,0,0,0,0,0,0,0,0,0,0,0,2,1
787,Carlos Eduardo Enriquez,0,0,0,0,0,0,0,0,0,0,0,1,0,0,0
810,Carlos Enrique Soto,0,0,0,0,0,0,0,0,0,0,0,2,1,1,1
837,Carlos Ivan Adrada,0,0,0,0,0,0,0,0,0,0,0,0,0,0,0
883,Carlos Salvador Albornoz,0,0,0,0,0,0,0,0,0,0,0,0,0,0,0
978,Cesar Laureano Negret,0,0,0,0,0,0,0,0,0,0,0,0,0,0,0
997,Ciro Antonio Rodriguez,0,0,0,0,0,0,0,0,0,0,0,0,2,0,0
1037,Consuelo Duran,0,0,0,0,0,0,0,0,0,0,0,0,0,0,0
1063,Daira De Jesus Galvis,0,0,0,0,0,0,0,0,0,0,0,0,0,1,0
1089,Dario Cordoba,0,0,0,0,0,0,0,0,0,0,0,0,0,0,0
1154,Diego Patino,0,0,0,0,0,0,0,0,0,0,0,0,0,0,0
1190,Dixon Ferney Tapasco,0,0,0,0,0,0,0,0,0,0,0,4,3,9,7
1216,Edgar Fandino,0,0,0,0,0,0,0,0,0,0,0,0,0,0,0
1329,Eduardo Augusto Benitez,0,0,0,0,0,0,0,0,0,0,0,0,0,0,0
1363,Efrain Jose Cepeda,0,0,0,0,0,0,0,0,0,0,0,0,0,1,0
1375,Eleonora Maria Pineda,0,0,0,0,0,0,0,0,0,0,0,0,0,0,0
1408,Elsy Janeth Melo,0,0,0,0,0,0,0,0,0,0,0,0,0,0,0
1449,Enrique Emilio Angel,0,0,0,0,0,0,0,0,0,0,0,6,6,3,7
1539,Fabio Raul Amin,0,0,0,0,0,0,0,0,0,0,0,0,0,0,0
1668,Francisco Canossa,0,0,0,0,0,0,0,0,0,0,0,0,0,0,0
1728,Fredy Ignacio Sanchez,0,0,0,0,0,0,0,0,0,0,0,0,0,0,0
1749,Gabriel Antonio Espinosa,0,0,0,0,0,0,0,0,0,0,0,0,0,0,0
1785,Gerardo Vecino,0,0,0,0,0,0,0,0,0,0,0,0,0,0,0
1822,German Varon,0,0,0,0,0,0,0,0,0,0,0,0,0,0,0
1832,German Antonio Aguirre,0,0,0,0,0,0,0,0,0,0,0,0,0,0,0
1872,Gilberto Rondon,0,0,0,0,0,0,0,0,0,0,0,0,0,0,0
1945,Griselda Janeth Restrepo,0,0,0,0,0,0,0,0,0,0,0,0,2,4,0
1976,Guillermo Rivera,0,0,0,0,0,0,0,0,0,0,0,0,0,0,0
2001,Guillermo Leon Gaviria,0,0,0,0,0,0,0,0,0,0,0,4,2,0,0
2027,Gustavo Ramos,0,0,0,0,0,0,0,0,0,0,0,0,0,0,0
2103,Hector Faber Giraldo,0,0,0,0,0,0,0,0,0,0,0,0,1,0,0
2123,Hector Julio Alfonso,0,0,0,0,0,0,0,0,0,0,2,0,0,8,5
2176,Herminsul Sinisterra,0,0,0,0,0,0,0,0,0,0,0,0,0,0,0
2255,Honorio Galvis,0,0,0,0,0,0,0,0,0,0,0,0,0,0,0
2299,Humberto Pava,0,0,0,0,0,0,0,0,0,0,0,0,0,0,0
2330,Isabel Maria Figueroa,0,0,0,0,0,0,0,0,0,0,0,0,0,0,0
2346,Ivan Moreno,0,0,0,0,0,0,0,0,0,0,0,0,0,0,0
2383,Jaime Cervantes,0,0,0,0,0,0,0,0,0,0,0,0,0,0,0
2429,Jaime Antonio Gonzalez,0,0,0,0,0,0,0,0,0,0,0,0,0,0,0
2447,Jaime Ernesto Canal,0,0,0,0,0,0,0,0,0,0,0,0,1,0,0
2506,Jairo De Jesus Tapias,0,0,0,0,0,0,0,0,0,0,0,0,0,0,0
2549,Javier Enrique Caceres,0,0,0,0,0,0,0,0,0,0,0,0,0,3,4
2559,Javier Tato Alvarez,0,0,0,0,0,0,0,0,0,0,0,5,0,1,1
2615,Jesus Ignacio Garcia,0,0,0,0,0,0,0,0,0,0,0,10,4,5,5
2666,Joaquin Jose Vives,0,0,0,0,0,0,0,0,0,0,0,17,33,5,9
2726,Jorge Alberto Gerlein,0,0,0,0,0,0,0,0,0,0,0,0,0,0,0
2745,Jorge Aurelio Iragorri,0,0,0,0,0,0,0,0,0,0,0,0,0,1,0
2752,Jorge Eduardo Gechem,0,0,0,0,0,0,0,0,0,0,1,65,19,23,8
2768,Jorge Eliecer Guevara,0,0,0,0,0,0,0,0,0,0,0,3,2,1,1
2787,Jorge Enrique Robledo,0,0,0,0,0,0,0,0,0,0,0,26,57,68,54
2803,Jorge Homero Giraldo,0,0,0,0,0,0,0,0,0,0,0,5,5,9,0
2832,Jorge Leon Sanchez,0,0,0,0,0,0,0,0,0,0,0,0,1,0,0
2920,Jose Alvaro Sanchez,0,0,0,0,0,0,0,0,0,0,0,0,0,0,0
2939,Jose Ariolfo Ortiz,0,0,0,0,0,0,0,0,0,0,0,0,0,0,0
2968,Jose De Los Santos Negrete,0,0,0,0,0,0,0,0,0,0,5,3,3,0,0
3003,Jose Gerardo Piamba,0,0,0,0,0,0,0,0,0,0,0,28,8,2,2
3026,Jose Ignacio Bermudez,0,0,0,0,0,0,0,0,0,0,0,0,6,4,0
3066,Jose Luis Florez,0,0,0,0,0,0,0,0,0,0,0,0,0,0,0
3093,Jose Matias Ortiz,0,0,0,0,0,0,0,0,0,0,0,0,0,0,0
3127,Jose Raul Rueda,0,0,0,0,0,0,0,0,0,0,0,0,0,0,0
3149,Jose Walter Lenis,0,0,0,0,0,0,0,0,0,0,0,0,0,0,0
3214,Juan Carlos Valencia,0,0,0,0,0,0,0,0,0,0,0,1,3,3,0
3226,Juan De Jesus Cordoba,0,0,0,0,0,0,0,0,0,0,0,0,0,1,0
3268,Juan Manuel Corzo,0,0,0,0,0,0,0,0,0,0,0,1,11,9,48
3275,Juan Manuel Ospina,0,0,0,0,0,0,0,0,0,0,2,3,2,15,25
3316,Julio Alberto Manzur,0,0,0,0,0,0,0,0,0,0,0,2,2,0,0
3350,Julio Mesias Mora,0,0,0,0,0,0,0,0,0,0,0,0,0,0,0
3407,Leonardo Antonio Arboleda,0,0,0,0,0,0,0,0,0,0,0,0,0,0,0
3456,Liliana Baron,0,0,0,0,0,0,0,0,0,0,0,0,0,0,0
3540,Luis Alberto Caicedo,0,0,0,0,0,0,0,0,0,0,0,0,0,0,0
3596,Luis Carlos Avellaneda,0,0,0,0,0,0,0,0,0,0,1,29,20,41,37
3616,Luis Edmundo Maya,0,0,0,0,0,0,0,0,0,0,0,0,0,0,0
3645,Luis Emilio Sierra,0,0,0,0,0,0,0,0,0,0,0,1,2,4,3
3684,Luis Fernando Almario,0,0,0,0,0,0,0,0,0,0,0,14,15,1,4
3737,Luis Guillermo Velez,0,0,0,0,0,0,0,0,0,0,0,3,8,12,21
3860,Manuel De Jesus Berrio,0,0,0,0,0,0,0,0,0,0,0,0,0,0,0
3878,Manuel Mesias Enriquez,0,0,0,0,0,0,0,0,0,0,0,0,0,1,0
3941,Maria Claudia Lagos,0,0,0,0,0,0,0,0,0,0,0,0,0,0,0
3987,Maria Isabel Mejia,0,0,0,0,0,0,0,0,0,0,0,2,6,0,0
4036,Marino Paz,0,0,0,0,0,0,0,0,0,0,0,0,0,0,0
4066,Mario Enrique Varon,0,0,0,0,0,0,0,0,0,0,0,0,0,0,0
4128,Mauricio Parodi,0,0,0,0,0,0,0,0,0,0,0,0,0,0,0
4188,Miguel Pinedo,0,0,0,0,0,0,0,0,0,0,0,0,0,0,0
4241,Miguel Jesus Arenas,0,0,0,0,0,0,0,0,0,0,0,0,1,0,0
4291,Nancy Denise Castillo,0,0,0,0,0,0,0,0,0,0,0,0,0,1,1
4358,Nestor Jaime Cardenas,0,0,0,0,0,0,0,0,0,0,0,0,0,0,0
4400,Octavio Benjumea,0,0,0,0,0,0,0,0,0,0,0,0,0,0,0
4441,Omar Armando Baquero,0,0,0,0,0,0,0,0,0,0,0,0,1,0,0
4486,Orlando Anibal Guerra,0,0,0,0,0,0,0,0,0,0,0,0,0,0,0
4518,Oscar Alberto Arboleda,0,0,0,0,0,0,0,0,0,0,0,0,0,0,0
4526,Oscar De Jesus Sanchez,0,0,0,0,0,0,0,0,0,0,0,0,0,0,0
4546,Oscar Luis Fernandez,0,0,0,0,0,0,0,0,0,0,0,0,1,0,0
4595,Parmenio Cuellar,0,0,0,0,0,0,0,0,0,0,0,0,0,0,0
4661,Pedro Maria Ramirez,0,0,0,0,0,0,0,0,0,0,0,0,0,0,1
4685,Piedad Del Socorro Zuccardi,0,0,0,0,0,0,0,0,0,0,0,0,0,1,0
4704,Rafael Francisco Amador,0,0,0,0,0,0,0,0,0,0,0,0,0,0,0
4729,Rafael Antonio Flechas,0,0,0,0,0,0,0,0,0,0,0,0,0,0,0
4814,Rene Rodrigo Garzon,0,0,0,0,0,0,0,0,0,0,0,3,0,0,0
4856,Ricardo Ariel Elcure,0,0,0,0,0,0,0,0,0,0,0,0,0,0,0
4891,Roberto Moya,0,0,0,0,0,0,0,0,0,0,0,0,0,0,0
4948,Rodrigo Rivera,0,0,0,0,0,0,0,0,0,0,0,0,0,0,0
4991,Rosmery Martinez,0,0,0,0,0,0,0,0,0,0,0,0,0,0,0
5039,Samuel Moreno,0,0,0,0,0,0,0,0,0,0,0,0,0,0,0
5048,Sandra Arabella Velasquez,0,0,0,0,0,0,0,0,0,0,0,7,13,3,0
5109,Simon Gaviria,0,0,0,0,0,0,0,0,0,0,0,0,0,0,0
5157,Tito Edmundo Rueda,0,0,0,0,0,0,0,0,0,0,0,0,0,0,1
5187,Venus Albeiro Silva,0,0,0,0,0,0,0,0,0,0,2,13,22,8,8
5227,Victor Manuel Buitrago,0,0,0,0,0,0,0,0,0,0,0,1,0,0,0
5280,William Alfonso Montes,0,0,0,0,0,0,0,0,0,0,1,2,0,0,0
5307,Wilmer David Gonzalez,0,0,0,0,0,0,0,0,0,0,0,0,0,0,0
5358,Yolanda Pinto,0,0,0,0,0,0,0,0,0,0,0,0,0,0,0
5423,Parmenides Alexander Salazar,0,0,0,0,0,0,0,0,0,0,0,0,0,0,0
5468,Ricardo Chajin,0,0,0,0,0,0,0,0,0,0,0,0,0,0,0
5578,Teofila Roa,0,0,0,0,0,0,0,0,0,0,0,0,0,0,0
5676,Cesar Humberto Londono,0,0,0,0,0,0,0,0,0,0,0,0,1,0,0
5738,Jesus Reyes,0,0,0,0,0,0,0,0,0,0,0,0,0,0,0
5878,Antonio Floriberto Dorado,0,0,0,0,0,0,0,0,0,0,0,0,0,0,0
5909,Roberto Quintero,0,0,0,0,0,0,0,0,0,0,0,0,0,0,0
6071,Lucio Munoz,0,0,0,0,0,0,0,0,0,0,0,0,0,0,0
6157,Gloria Stella Diaz,0,0,0,0,0,0,0,0,0,0,0,4,4,7,4
6363,Jose Dolores Aristizabal,0,0,0,0,0,0,0,0,0,0,0,0,0,0,0
6402,Mario Suarez,0,0,0,0,0,0,0,0,0,0,0,0,0,0,0
6477,Bladimiro Nicolas Cuello,0,0,0,0,0,0,0,0,0,0,0,0,0,0,0
6540,Carlos Eduardo Acosta,0,0,0,0,0,0,0,0,0,0,0,0,0,0,0
6567,Anibal Antonio Ortiz,0,0,0,0,0,0,0,0,0,0,0,0,0,0,1
9003,Luis Jose Alvarez,0,0,0,0,0,0,0,0,0,0,0,1,0,0,0
9007,Carlos Uribe Angel,0,0,0,0,0,0,0,0,0,0,0,0,0,0,0
9011,Alexander Ariza,0,0,0,0,0,0,0,0,0,0,0,0,0,0,0
9015,Nicolas Badran,0,0,0,0,0,0,0,0,0,0,0,0,0,0,0
9019,Antonio Jose Bello,0,0,0,0,0,0,0,0,0,0,0,0,0,0,0
9023,Adriano Bohorquez,0,0,0,0,0,0,0,0,0,0,0,0,0,0,0
9027,Alba Stella Buitrago,0,0,0,0,0,0,0,0,0,0,0,0,0,0,0
9031,Eciebel Antonio Cano,0,0,0,0,0,0,0,0,0,0,0,0,0,0,0
9035,Efren Cardona,0,0,0,0,0,0,0,0,0,0,0,0,0,0,0
9039,Idayris Yolima Carrillo,0,0,0,0,0,0,0,0,0,0,0,0,0,0,0
9043,Hernando Castillo,0,0,0,0,0,0,0,0,0,0,0,0,0,0,0
9047,Jairo Coral,0,0,0,0,0,0,0,0,0,0,0,0,0,0,0
9051,Jaime Corzo,0,0,0,0,0,0,0,0,0,0,0,0,0,0,0
9055,William David Cubides,0,0,0,0,0,0,0,0,0,0,0,0,0,0,0
9059,Jhonny Eduardo De La Ossa,0,0,0,0,0,0,0,0,0,0,0,0,0,0,0
9063,Jesus Enrique Doval,0,0,0,0,0,0,0,0,0,0,0,0,0,1,1
9067,Betty Del Socorro Echeverria,0,0,0,0,0,0,0,0,0,0,0,0,0,0,0
9071,William Escaf,0,0,0,0,0,0,0,0,0,0,0,0,0,0,0
9075,Luis Alfonso Espana,0,0,0,0,0,0,0,0,0,0,0,0,1,0,0
9079,Antonio Fernandez,0,0,0,0,0,0,0,0,0,0,0,0,0,0,0
9083,Joaquin Garces,0,0,0,0,0,0,0,0,0,0,0,0,0,0,0
9087,Lucy Stella Gomez,0,0,0,0,0,0,0,0,0,0,0,0,0,0,0
9091,Luis Irene Gonzalez,0,0,0,0,0,0,0,0,0,0,0,0,0,0,0
9095,Balmore Gonzalez,0,0,0,0,0,0,0,0,0,0,0,0,0,0,0
9099,Gustavo Adolfo Guerra,0,0,0,0,0,0,0,0,0,0,0,0,0,0,0
9103,Julio Gutierrez,0,0,0,0,0,0,0,0,0,0,0,0,0,0,0
9107,Barlaham Henao,0,0,0,0,0,0,0,0,0,0,0,0,0,0,0
9111,Jose Eduardo Hernandez,0,0,0,0,0,0,0,0,0,0,0,0,0,0,0
9115,Aquiles Arturo Huertas,0,0,0,0,0,0,0,0,0,0,0,0,0,0,0
9119,Pedro Nel Jimenez,0,0,0,0,0,0,0,0,0,0,0,0,1,0,3
9123,Pedro Vicente Lopez,0,0,0,0,0,0,0,0,0,0,0,0,0,0,0
9127,Jaime Lozada,0,0,0,0,0,0,0,0,0,0,0,0,0,0,0
9131,Orlando Martinez,0,0,0,0,0,0,0,0,0,0,0,0,0,0,0
9135,Yimmy Antonio Mejia,0,0,0,0,0,0,0,0,0,0,0,0,0,0,0
9139,Aurelio Mejia,0,0,0,0,0,0,0,0,0,0,0,0,0,0,0
9143,Plinio Mendoza,0,0,0,0,0,0,0,0,0,0,0,0,0,0,0
9147,Luis Bernabe Montoya,0,0,0,0,0,0,0,0,0,0,0,0,0,0,0
9151,Jose Gustavo Moreno,0,0,0,0,0,0,0,0,0,0,0,0,0,0,0
9155,Eladio Mosquera,0,0,0,0,0,0,0,0,0,0,0,0,0,0,0
9159,Maria Jabzbleidy Nemocon,0,0,0,0,0,0,0,0,0,0,0,0,0,0,0
9163,Jorge Antonio Onate,0,0,0,0,0,0,0,0,0,0,0,0,0,0,0
9167,Javier Leon Oyaga,0,0,0,0,0,0,0,0,0,0,0,0,0,0,0
9171,Carlos Manuel Palacios,0,0,0,0,0,0,0,0,0,0,0,0,0,0,0
9175,Alfonso Parra,0,0,0,0,0,0,0,0,0,0,0,0,0,0,0
9179,Carlos Hernando Pinilla,0,0,0,0,0,0,0,0,0,0,0,0,0,0,0
9183,Boris De Jesus Polo,0,0,0,0,0,0,0,0,0,0,0,0,0,0,0
9187,Jaime Ramirez,0,0,0,0,0,0,0,0,0,0,0,0,0,0,0
9191,Gloria Rosalba Ramirez,0,0,0,0,0,0,0,0,0,0,0,0,0,0,0
9195,Jesus Manuel Rangel,0,0,0,0,0,0,0,0,0,0,0,0,0,0,0
9199,Lorenzo Rivera,0,0,0,0,0,0,0,0,0,0,0,0,0,0,0
9203,Camilo Orlando Rodriguez,0,0,0,0,0,0,0,0,0,0,0,0,0,0,0
9207,Edgar Antonio Ruiz,0,0,0,0,0,0,0,0,0,0,1,2,0,0,0
9211,Guillermo Antonio Sagra,0,0,0,0,0,0,0,0,0,0,0,0,0,0,0
9215,Freddy William Sanchez,0,0,0,0,0,0,0,0,0,0,0,0,0,0,0
9219,Orlando Santiesteban,0,0,0,0,0,0,0,0,0,0,0,0,0,0,0
9223,Alberto Antonio Serrano,0,0,0,0,0,0,0,0,0,0,0,0,0,0,0
9227,John Mario Tejada,0,0,0,0,0,0,0,0,0,0,0,0,0,0,0
9231,Jose Leonel Torres,0,0,0,0,0,0,0,0,0,0,0,0,0,0,0
9235,Javier Mauricio Torres,0,0,0,0,0,0,0,0,0,0,0,0,0,0,0
9239,Jorge Eduardo Ulloa,0,0,0,0,0,0,0,0,0,0,0,0,0,0,0
9243,Alberto Varon,0,0,0,0,0,0,0,0,0,0,0,0,0,0,0
9247,Hernan Vergara,0,0,0,0,0,0,0,0,0,0,0,0,0,0,0
9251,Miguel Villazon,0,0,0,0,0,0,0,0,0,0,0,0,0,0,0
9255,Jesusita Zabala,0,0,0,0,0,0,0,0,0,0,0,0,0,0,0
9259,Jose Francisco Zuniga,0,0,0,0,0,0,0,0,0,0,0,3,2,1,3
9263,Gustavo Adolfo Cabrera,0,0,0,0,0,0,0,0,0,0,0,0,0,0,0
9267,Felipe Rafael Posado,0,0,0,0,0,0,0,0,0,0,0,0,0,0,0
9271,Antonio Jose Caicedo,0,0,0,0,0,0,0,0,0,0,0,0,0,0,0
9276,Ricardo Varela,0,0,0,0,0,0,0,0,0,0,0,0,0,0,0
9280,Jose Francisco Armenta,0,0,0,0,0,0,0,0,0,0,0,0,0,0,0
9284,Gustavo Vives,0,0,0,0,0,0,0,0,0,0,0,0,0,0,0
9288,Antonio Claret Mendoza,0,0,0,0,0,0,0,0,0,0,0,0,0,0,0
9292,Beznaida Cordoba,0,0,0,0,0,0,0,0,0,0,0,0,0,0,0
9296,Leon Dario Trujillo,0,0,0,0,0,0,0,0,0,0,0,0,0,0,0
9300,Carlos Julio Socha,0,0,0,0,0,0,0,0,0,0,0,0,0,0,0
9304,Jaime Martinez,0,0,0,0,0,0,0,0,0,0,0,0,0,0,0
9308,Luis Mariano Moreno,0,0,0,0,0,0,0,0,0,0,0,0,0,0,0
9312,Gustavo Adolfo Aristizabal,0,0,0,0,0,0,0,0,0,0,0,0,0,0,0
9316,Maria Helena Molina,0,0,0,0,0,0,0,0,0,0,0,0,0,0,0
9320,Hector Alfonso Rodriguez,0,0,0,0,0,0,0,0,0,0,0,0,0,0,0
9324,Luis Ciro Escarria,0,0,0,0,0,0,0,0,0,0,0,0,0,0,0
9328,Jose Antonio Sanchez,0,0,0,0,0,0,0,0,0,0,0,1,0,0,0
9332,Fabian Ovidio Legarda,0,0,0,0,0,0,0,0,0,0,0,0,0,0,0
9336,Cesar Julio Uparela,0,0,0,0,0,0,0,0,0,0,0,0,0,0,0
9340,Pedro Alberto Mora,0,0,0,0,0,0,0,0,0,0,0,0,0,0,0
9344,Hugo Janio Lopez,0,0,0,0,0,0,0,0,0,0,0,0,0,0,0
9348,Hector Fernando Ramirez,0,0,0,0,0,0,0,0,0,0,0,0,1,0,1
9352,Sergio Lopez,0,0,0,0,0,0,0,0,0,0,0,0,0,0,0
9356,Ernesto Chaparro,0,0,0,0,0,0,0,0,0,0,0,0,0,0,0
9361,Orlando Manuel Dangond,0,0,0,0,0,0,0,0,0,0,0,0,0,0,0
68,Alba Luz Pinilla,0,0,0,0,0,0,0,0,0,0,0,0,2,8,9
157,Alexander Lopez,0,0,0,0,0,0,0,0,0,0,0,0,0,0,0
199,Alfonso Antonio Campo,0,0,0,0,0,0,0,0,0,0,0,0,1,0,0
239,Alirio Villamizar,0,0,0,0,0,0,0,0,0,0,0,0,0,0,0
255,Alvaro Ayala,0,0,0,0,0,0,0,0,0,0,0,0,0,0,0
348,Amparo Lucia Vega,0,0,0,0,0,0,0,0,0,0,0,1,0,0,0
442,Antonio Valencia,0,0,0,0,0,0,0,0,0,0,0,0,0,0,0
460,Antonio Jose Pinillos,0,0,0,0,0,0,0,0,0,0,0,0,0,0,0
549,Augusto Posada,0,0,0,0,0,0,0,0,0,0,0,0,0,0,0
600,Bernardo Alejandro Guerra,0,0,0,0,0,0,0,0,0,0,0,6,0,0,3
645,Camilo Armando Sanchez,0,0,0,0,0,0,0,0,0,0,0,0,0,0,0
678,Carlos Holguin,0,0,0,0,0,0,0,0,0,0,0,0,0,0,0
734,Carlos Alberto Zuluaga,0,0,0,0,0,0,0,0,0,0,0,2,2,31,31
765,Carlos Arturo Piedrahita,0,0,0,0,0,0,0,0,0,0,0,25,19,3,2
786,Carlos Eduardo Corssi,0,0,0,0,0,0,0,0,0,0,0,0,0,0,0
800,Carlos Enrique Avila,0,0,0,0,0,0,0,0,0,0,0,0,0,0,0
828,Carlos Hernan Barragan,0,0,0,0,0,0,0,0,0,0,0,0,0,0,0
879,Carlos Roberto Ferro,0,0,0,0,0,0,0,0,0,0,0,0,0,1,0
963,Cesar Augusto Mejia,0,0,0,0,0,0,0,0,0,0,0,0,1,0,1
994,Ciro Ramirez,0,0,0,0,0,0,0,0,0,0,0,0,0,0,0
1035,Constantino Rodriguez,0,0,0,0,0,0,0,0,0,0,0,0,0,0,0
1054,Cristobal Rufino Cordoba,0,0,0,0,0,0,0,0,0,0,0,0,0,0,5
1087,Dario Ariza,0,0,0,0,0,0,0,0,0,0,0,0,0,0,0
1143,Dieb Nicolas Maloof,0,0,0,0,0,0,0,0,0,0,0,0,1,1,0
1182,Dilian Francisca Toro,0,0,0,0,0,0,0,0,0,0,3,30,22,77,34
1215,Edgar Espindola,0,0,0,0,0,0,0,0,0,0,0,0,0,0,0
1326,Eduardo Alfonso Crissien,0,0,0,0,0,0,0,0,0,0,0,1,0,0,0
1359,Efrain Torrado,0,0,0,0,0,0,0,0,0,0,0,0,0,0,0
1371,Eiber Gustavo Navarro,0,0,0,0,0,0,0,0,0,0,0,1,0,0,0
1405,Elsa Gladys Cifuentes,0,0,0,0,0,0,0,0,0,0,0,26,41,4,1
1442,Enrique Gomez,0,0,0,0,0,0,0,0,0,0,0,0,0,0,0
1515,Fabio Arango,0,0,0,0,0,0,0,0,0,0,0,0,0,0,0
1637,Fernando Eustacio Tamayo,0,0,0,0,0,0,0,0,0,0,0,0,0,1,0
1701,Francisco Javier Murgueitio,0,0,0,0,0,0,0,0,0,0,0,0,0,0,0
1737,Gabriel Acosta,0,0,0,0,0,0,0,0,0,0,0,0,0,0,0
1784,Gerardo Tamayo,0,0,0,0,0,0,0,0,0,0,0,0,0,0,0
1821,German Vargas,0,0,0,0,0,0,0,0,0,0,0,0,0,0,0
1831,German Alonso Olano,0,0,0,0,0,0,0,0,0,0,0,2,0,1,3
1848,German Nestor Viana,0,0,0,0,0,0,0,0,0,0,0,0,0,0,0
1914,Gloria Isabel Cuartas,0,0,0,0,0,0,0,0,0,0,0,0,0,0,0
1961,Guillermo Garcia,0,0,0,0,0,0,0,0,0,0,0,0,0,0,0
1991,Guillermo Antonio Santos,0,0,0,0,0,0,0,0,0,0,0,0,0,2,0
2022,Gustavo Montealegre,0,0,0,0,0,0,0,0,0,0,0,0,0,0,0
2076,Hector Arango,0,0,0,0,0,0,0,0,0,0,0,0,0,0,0
2122,Hector Jose Ospina,0,0,0,0,0,0,0,0,0,0,0,0,1,0,6
2168,Heriberto Sanabria,0,0,0,0,0,0,0,0,0,0,0,0,0,0,0
2211,Hernando Carvalho,0,0,0,0,0,0,0,0,0,0,0,0,0,0,0
2295,Humberto Builes,0,0,0,0,0,0,0,0,0,0,0,0,0,0,0
2327,Isabel Celis,0,0,0,0,0,0,0,0,0,0,0,0,0,0,0
2341,Ivan Diaz,0,0,0,0,0,0,0,0,0,0,0,0,0,0,0
2378,Jaime Bravo,0,0,0,0,0,0,0,0,0,0,0,0,0,0,0
2427,Jaime Alonso Zuluaga,0,0,0,0,0,0,0,0,0,0,0,0,2,1,1
2443,Jaime Enrique Duran,0,0,0,0,0,0,0,0,0,0,0,2,0,2,0
2486,Jairo Sanchez,0,0,0,0,0,0,0,0,0,0,0,0,0,0,0
2541,Javier Ramirez,0,0,0,0,0,0,0,0,0,0,0,0,0,0,0
2557,Javier Ramiro Devia,0,0,0,0,0,0,0,0,0,0,0,4,0,5,0
2604,Jesus Enrique Pinacue,0,0,0,0,0,0,0,0,0,0,0,2,1,1,0
2655,Jimmy Chamorro,0,0,0,0,0,0,0,0,0,0,0,0,0,0,0
2725,Jorge Alberto Garciaherreros,0,0,0,0,0,0,0,0,0,0,0,0,0,0,0
2740,Jorge Armando Mendieta,0,0,0,0,0,0,0,0,0,0,0,0,0,0,0
2750,Jorge Eduardo Casabianca,0,0,0,0,0,0,0,0,0,0,0,0,0,0,0
2765,Jorge Eliecer Franco,0,0,0,0,0,0,0,0,0,0,0,0,0,1,0
2786,Jorge Enrique Ramirez,0,0,0,0,0,0,0,0,0,0,0,1,0,0,0
2801,Jorge Hernando Pedraza,0,0,0,0,0,0,0,0,0,0,0,1,6,9,4
2831,Jorge Julian Silva,0,0,0,0,0,0,0,0,0,0,0,0,0,0,2
2898,Jose Albeiro Mejia,0,0,0,0,0,0,0,0,0,0,0,0,0,0,0
2936,Jose Antonio Salazar,0,0,0,0,0,0,0,0,0,0,0,0,0,0,0
2962,Jose David Name,0,0,0,0,0,0,0,0,0,0,0,9,17,16,1
3001,Jose Gentil Palacios,0,0,0,0,0,0,0,0,0,0,0,0,0,0,0
3023,Jose Homero Cadena,0,0,0,0,0,0,0,0,0,0,0,0,0,0,0
3062,Jose Luis Arcila,0,0,0,0,0,0,0,0,0,0,0,2,1,0,0
3090,Jose Maria Villanueva,0,0,0,0,0,0,0,0,0,0,0,0,0,0,0
3120,Jose Ramiro Luna,0,0,0,0,0,0,0,0,0,0,0,0,0,0,0
3144,Jose Tyrone Carvajal,0,0,0,0,0,0,0,0,0,0,0,0,0,0,0
3208,Juan Carlos Restrepo,0,0,0,0,0,0,0,0,0,0,0,1,3,9,20
3225,Juan De Jesus Cardenas,0,0,0,0,0,0,0,0,0,0,0,0,7,0,1
3257,Juan Jose Chaux,0,0,0,0,0,0,0,0,0,0,5,23,17,4,5
3272,Juan Manuel Lopez,0,0,0,0,0,0,0,0,0,0,6,29,14,21,8
3295,Juana Yolanda Bazan,0,0,0,0,0,0,0,0,0,0,0,0,0,0,0
3348,Julio Eugenio Gallardo,0,0,0,0,0,0,0,0,0,0,0,0,0,0,0
3402,Leonardo Caicedo,0,0,0,0,0,0,0,0,0,0,0,0,0,0,0
3446,Lidio Arturo Garcia,0,0,0,0,0,0,0,0,0,0,0,2,0,2,0
3488,Lucero Cortes,0,0,0,0,0,0,0,0,0,0,0,0,0,0,0
3583,Luis Antonio Serrano,0,0,0,0,0,0,0,0,0,0,0,2,0,0,0
3612,Luis Carlos Saavedra,0,0,0,0,0,0,0,0,0,0,0,0,0,1,0
3641,Luis Elmer Arenas,0,0,0,0,0,0,0,0,0,0,0,19,11,19,0
3675,Luis Felipe Barrios,0,0,0,0,0,0,0,0,0,0,0,2,7,7,0
3724,Luis Guillermo Jimenez,0,0,0,0,0,0,0,0,0,0,0,0,0,0,0
3853,Manuel Antonio Carebilla,0,0,0,0,0,0,0,0,0,0,0,0,0,1,0
3874,Manuel Jose Vives,0,0,0,0,0,0,0,0,0,0,1,1,8,4,0
3911,Marco Tulio Leguizamon,0,0,0,0,0,0,0,0,0,0,0,0,1,0,0
3986,Maria Isabel Cruz,0,0,0,0,0,0,0,0,0,0,0,0,0,0,0
4016,Maria Teresa Uribe,0,0,0,0,0,0,0,0,0,0,0,1,2,2,0
4063,Mario De Jesus Alvarez,0,0,0,0,0,0,0,0,0,0,0,1,2,1,0
4125,Mauricio Jaramillo,0,0,0,0,0,0,0,0,0,0,0,0,0,0,0
4187,Miguel Perez,0,0,0,0,0,0,0,0,0,0,0,0,0,0,0
4203,Miguel Angel Galvis,0,0,0,0,0,0,0,0,0,0,0,0,3,0,0
4285,Myriam Alicia Paredes,0,0,0,0,0,0,0,0,0,0,0,0,0,2,2
4341,Nestor Homero Cotrina,0,0,0,0,0,0,0,0,0,0,0,0,1,0,0
4389,Nora Maria Garcia,0,0,0,0,0,0,0,0,0,0,0,0,0,1,1
4437,Omar Yepes,0,0,0,0,0,0,0,0,0,0,0,0,0,0,0
4485,Orlando Alfonso Clavijo,0,0,0,0,0,0,0,0,0,0,0,0,0,1,0
4499,Oscar Gomez,0,0,0,0,0,0,0,0,0,0,0,0,0,0,0
4525,Oscar De Jesus Marin,0,0,0,0,0,0,0,0,0,0,0,0,0,0,0
4545,Oscar Leonidas Wilchez,0,0,0,0,0,0,0,0,0,0,0,0,0,0,0
4587,Pablo Enrique Salamanca,0,0,0,0,0,0,0,0,0,0,0,2,0,2,0
4645,Pedro Jose Arenas,0,0,0,0,0,0,0,0,0,0,0,0,0,0,2
4676,Pedro Pablo Trujillo,0,0,0,0,0,0,0,0,0,0,0,4,1,1,0
4695,Pompilio De Jesus Avendano,0,0,0,0,0,0,0,0,0,0,0,1,0,0,0
4724,Rafael Alvin Archbold,0,0,0,0,0,0,0,0,0,0,0,0,0,0,0
4804,Reginaldo Enrique Montes,0,0,0,0,0,0,0,0,0,0,0,0,0,0,0
4854,Ricardo Antonio Espanol,0,0,0,0,0,0,0,0,0,0,0,0,0,0,0
4884,Roberto Camacho,0,0,0,0,0,0,0,0,0,0,0,0,0,0,0
4942,Rodrigo Lara,0,0,0,0,0,0,0,0,0,0,0,0,0,0,0
4990,Rosemberg Pabon,0,0,0,0,0,0,0,0,0,0,0,0,0,0,0
5030,Salomon De Jesus Saade,0,0,0,0,0,0,0,0,0,0,0,2,0,0,0
5047,Sandra Ceballos,0,0,0,0,0,0,0,0,0,0,0,0,0,0,0
5082,Sergio Diaz,0,0,0,0,0,0,0,0,0,0,0,0,0,0,0
5133,Telesforo Pedraza,0,0,0,0,0,0,0,0,0,0,0,0,0,0,0
5177,Ubeimar Delgado,0,0,0,0,0,0,0,0,0,0,0,0,0,0,0
5225,Victor Julio Vargas,0,0,0,0,0,0,0,0,0,0,0,0,0,0,0
5276,William Velez,0,0,0,0,0,0,0,0,0,0,0,0,0,0,0
5293,William Miguel Escaf,0,0,0,0,0,0,0,0,0,0,0,0,0,0,0
5352,Omar Mejia,0,0,0,0,0,0,0,0,0,0,0,0,0,0,0
5421,Francisco Wilson Cordoba,0,0,0,0,0,0,0,0,0,0,0,0,0,0,0
5463,Musa Besaile Fayad,0,0,0,0,0,0,0,0,0,0,0,0,0,2,0
5554,Oscar Fernando Bravo,0,0,0,0,0,0,0,0,0,0,2,0,2,3,12
5655,Jose Ricaurte Mejia,0,0,0,0,0,0,0,0,0,0,0,0,0,0,0
5711,Mauricio Zuluaga,0,0,0,0,0,0,0,0,0,0,0,0,0,0,0
5807,Karime Mota Y Morad,0,0,0,0,0,0,0,0,0,0,0,0,0,0,0
5893,Fredy William Sanchez,0,0,0,0,0,0,0,0,0,0,0,0,0,0,0
6038,Jose Edgar Olivares,0,0,0,0,0,0,0,0,0,0,0,0,0,0,0
6129,Zamir Eduardo Silva,0,0,0,0,0,0,0,0,0,0,0,0,0,0,0
6301,Juana Bautista Ramirez,0,0,0,0,0,0,0,0,0,0,0,0,0,0,0
6400,Juan Pablo Sanchez,0,0,0,0,0,0,0,0,0,0,0,1,14,4,9
6472,Teodolindo Avendano,0,0,0,0,0,0,0,0,0,0,0,0,0,0,0
6523,Mario Gonzalez,0,0,0,0,0,0,0,0,0,0,0,0,0,0,0
6563,Alberto Alfonso Chegwin,0,0,0,0,0,0,0,0,0,0,0,0,0,0,0
9002,Manuel Salvador Alsina,0,0,0,0,0,0,0,0,0,0,0,0,0,0,0
9006,Carlos Arturo Angel,0,0,0,0,0,0,0,0,0,0,0,0,0,0,0
9010,Anibal Jose Ariza,0,0,0,0,0,0,0,0,0,0,0,0,0,0,0
9014,Bibiana Bacci,0,0,0,0,0,0,0,0,0,0,0,0,0,0,0
9018,Pedro Pablo Barraza,0,0,0,0,0,0,0,0,0,0,0,0,0,0,0
9022,Alberto Hernando Benavides,0,0,0,0,0,0,0,0,0,0,0,0,0,0,0
9026,Humberto De Jesus Builes,0,0,0,0,0,0,0,0,0,0,0,2,0,0,0
9030,Luis Edgar Calderon,0,0,0,0,0,0,0,0,0,0,0,0,0,0,0
9034,Jose De Los Reyes Carcamo,0,0,0,0,0,0,0,0,0,0,0,0,0,0,0
9038,Ancizar Carrillo,0,0,0,0,0,0,0,0,0,0,0,0,0,0,0
9042,Luis Javier Castano,0,0,0,0,0,0,0,0,0,0,1,0,0,0,0
9046,Luis Fernando Contreras,0,0,0,0,0,0,0,0,0,0,0,0,0,0,0
9050,Victor Gonzalo Corredor,0,0,0,0,0,0,0,0,0,0,0,0,0,0,0
9054,Libardo De Jesus Cruz,0,0,0,0,0,0,0,0,0,0,0,0,0,0,0
9058,Francisco Javier Daza,0,0,0,0,0,0,0,0,0,0,0,0,0,0,0
9062,Franklin Alberto Donado,0,0,0,0,0,0,0,0,0,0,0,0,0,0,0
9066,Ricardo Efrain Eastman,0,0,0,0,0,0,0,0,0,0,0,0,0,0,0
9070,Jaime Erazo,0,0,0,0,0,0,0,0,0,0,0,0,0,0,0
9074,Gentil Escobar,0,0,0,0,0,0,0,0,0,0,0,0,0,0,0
9078,Ricardo Feris,0,0,0,0,0,0,0,0,0,0,0,0,0,0,0
9082,Jesus Eduardo Gandur,0,0,0,0,0,0,0,0,0,0,0,0,0,0,0
9086,Hildebrando Giraldo,0,0,0,0,0,0,0,0,0,0,0,0,0,0,0
9090,Carlos Eduardo Gomez,0,0,0,0,0,0,0,0,0,0,0,0,0,0,0
9094,Kemel George Gonzalez,0,0,0,0,0,0,0,0,0,0,0,0,0,0,0
9098,Wilder Antonio Guerra,0,0,0,0,0,0,0,0,0,0,0,0,0,0,0
9102,Ligia Isabel Gutierrez,0,0,0,0,0,0,0,0,0,0,0,0,0,0,0
9106,Ramiro Halima,0,0,0,0,0,0,0,0,0,0,0,0,0,0,0
9110,William Hernandez,0,0,0,0,0,0,0,0,0,0,0,0,0,0,0
9114,Juan Betsabe Hinestrosa,0,0,0,0,0,0,0,0,0,0,0,0,0,0,0
9118,John Jairo Iguaran,0,0,0,0,0,0,0,0,0,0,0,0,0,0,0
9122,Campo Elias Lopez,0,0,0,0,0,0,0,0,0,0,0,0,0,0,0
9126,Orlando Losada,0,0,0,0,0,0,0,0,0,0,0,0,0,0,0
9130,Francisco Martinez,0,0,0,0,0,0,0,0,0,0,0,0,0,0,0
9134,Victor Agusto Mayorga,0,0,0,0,0,0,0,0,0,0,0,0,0,0,0
9138,Luis Carlos Mejia,0,0,0,0,0,0,0,0,0,0,0,0,2,0,0
9142,Luis Eduardo Mendoza,0,0,0,0,0,0,0,0,0,0,0,2,1,2,0
9146,Jorge Armando Monroy,0,0,0,0,0,0,0,0,0,0,0,0,0,0,0
9150,Luis Ferney Moreno,0,0,0,0,0,0,0,0,0,0,0,0,0,0,0
9154,Jose Manuel Moscote,0,0,0,0,0,0,0,0,0,0,0,0,0,1,0
9158,Juan Naranjo Torres,0,0,0,0,0,0,0,0,0,0,0,0,0,0,0
9162,Victor Joaquin Ochoa,0,0,0,0,0,0,0,0,0,0,0,0,0,0,0
9166,Daniel Ospina,0,0,0,0,0,0,0,0,0,0,0,0,0,0,0
9170,Adolfo Palacio,0,0,0,0,0,0,0,0,0,0,0,0,0,0,0
9174,Jose Benjamin Pardo,0,0,0,0,0,0,0,0,0,0,0,0,0,0,0
9178,Jose Maria Penaranda,0,0,0,0,0,0,0,0,0,0,0,0,0,0,1
9182,Fernando Pisciotti,0,0,0,0,0,0,0,0,0,0,0,0,0,0,0
9186,Henry Quiroga,0,0,0,0,0,0,0,0,0,0,0,0,0,0,0
9190,Heligidio Ramirez,0,0,0,0,0,0,0,0,0,0,0,0,0,0,0
9194,Pedro Rangel,0,0,0,0,0,0,0,0,0,0,0,0,0,0,0
9198,Severiano Antonio Rivera,0,0,0,0,0,0,0,0,0,0,0,0,0,0,0
9202,Cecilia Rodriguez,0,0,0,0,0,0,0,0,0,0,0,0,0,0,0
9206,Virginia De Jesus Roncallo,0,0,0,0,0,0,0,0,0,0,0,0,0,0,0
9210,Ernesto Sabogal,0,0,0,0,0,0,0,0,0,0,0,0,0,0,0
9214,Carlos Salgado,0,0,0,0,0,0,0,0,0,0,0,0,0,0,0
9218,Samuel Santander,0,0,0,0,0,0,0,0,0,0,0,0,0,0,0
9222,Jorge Elias Scaff,0,0,0,0,0,0,0,0,0,0,0,0,0,0,0
9226,Victor Manuel Tamayo,0,0,0,0,0,0,0,0,0,0,0,2,0,0,0
9230,Luis Alfredo Toro,0,0,0,0,0,0,0,0,0,0,0,0,0,0,0
9234,Nelson Javier Torres,0,0,0,0,0,0,0,0,0,0,0,0,0,0,0
9238,Nasly Del Carmen Ucros,0,0,0,0,0,0,0,0,0,0,0,0,0,0,0
9242,Cesar Vargas,0,0,0,0,0,0,0,0,0,0,0,0,0,0,0
9246,Francisco Antonio Velasquez,0,0,0,0,0,0,0,0,0,0,0,0,0,0,0
9250,Humberto Villamizar,0,0,0,0,0,0,0,0,0,0,0,0,0,0,0
9254,Edgar Yepes,0,0,0,0,0,0,0,0,0,0,0,0,0,0,0
9258,Orestes De Jesus Zuluaga,0,0,0,0,0,0,0,0,0,0,0,0,0,0,0
9262,Jose Ignacio Caballero,0,0,0,0,0,0,0,0,0,0,0,0,0,0,0
9266,Armando Rengifo,0,0,0,0,0,0,0,0,0,0,0,0,0,0,0
9270,Jose David Gonzalez,0,0,0,0,0,0,0,0,0,0,0,0,0,0,0
9275,Fernando Carlos Tinoco,0,0,0,0,0,0,0,0,0,0,0,0,0,0,0
9279,Rafael Medina,0,0,0,0,0,0,0,0,0,0,0,0,0,0,0
9283,Miguel Antonio Yepes,0,0,0,0,0,0,0,0,0,0,0,0,0,0,0
9287,Ernesto Carlos Aguirre,0,0,0,0,0,0,0,0,0,0,0,0,0,0,0
9291,Angel Velaides,0,0,0,0,0,0,0,0,0,0,0,0,0,0,0
9295,Yidis Medina,0,0,0,0,0,0,0,0,0,0,0,0,0,0,0
9299,Martha Luz Olivares,0,0,0,0,0,0,0,0,0,0,0,0,0,0,0
9303,Camilo Nelson Astaiza,0,0,0,0,0,0,0,0,0,0,0,0,0,0,0
9307,Guillermo Ochoa,0,0,0,0,0,0,0,0,0,0,0,0,0,0,0
9311,Luis Hermes Ruiz,0,0,0,0,0,0,0,0,0,0,0,0,0,0,0
9315,Pedro Antonio Aguilar,0,0,0,0,0,0,0,0,0,0,0,0,1,0,0
9319,Estanislao Ortiz,0,0,0,0,0,0,0,0,0,0,0,0,0,0,0
9323,Andres Jose Arroyo,0,0,0,0,0,0,0,0,0,0,0,0,0,0,0
9327,Henry Alex Toro,0,0,0,0,0,0,0,0,0,0,0,0,0,0,0
9331,Luzelena Restrepo,0,0,0,0,0,0,0,0,0,0,0,0,0,0,0
9335,Carlos Alberto Delgado,0,0,0,0,0,0,0,0,0,0,0,1,1,0,0
9339,Rafael Romero,0,0,0,0,0,0,0,0,0,0,0,0,0,0,0
9343,Carlos Alberto Castro,0,0,0,0,0,0,0,0,0,0,0,0,0,0,0
9347,Oscar Alberto Cuello,0,0,0,0,0,0,0,0,0,0,0,0,0,0,0
9351,Guillermo Hernando Romo,0,0,0,0,0,0,0,0,0,0,0,0,0,0,0
9355,Ruben Dario Gomez,0,0,0,0,0,0,0,0,0,0,2,4,3,1,0
9359,John Jairo Suarez,0,0,0,0,0,0,0,0,0,0,0,0,0,0,0
42,Adriana Gutierrez,0,0,0,0,0,0,0,0,0,0,0,0,0,0,0
93,Alberto Gordon,0,0,0,0,0,0,0,0,0,0,0,0,0,0,0
182,Alfonso Lopez,0,0,0,0,0,0,0,0,0,0,0,0,0,0,0
203,Alfonso Enrique Garzon,0,0,0,0,0,0,0,0,0,0,0,0,0,0,0
250,Alvaro Alferez,0,0,0,0,0,0,0,0,0,0,0,0,0,0,0
304,Alvaro Antonio Ashton,0,0,0,0,0,0,0,0,0,0,0,0,0,1,0
398,Angel Custodio Cabrera,0,0,0,0,0,0,0,0,0,0,0,9,8,11,5
454,Antonio Javier Penaloza,0,0,0,0,0,0,0,0,0,0,0,0,0,0,0
487,Armando Amaya,0,0,0,0,0,0,0,0,0,0,0,0,0,0,0
586,Benjamin Higuita,0,0,0,0,0,0,0,0,0,0,0,0,0,0,0
607,Berner Leon Zambrano,0,0,0,0,0,0,0,0,0,0,0,0,0,0,0
658,Carlina De Los Angeles Rodriguez,0,0,0,0,0,0,0,0,0,0,0,0,0,0,0
707,Carlos Adolfo Espinosa,0,0,0,0,0,0,0,0,0,0,0,0,0,0,0
752,Carlos Arturo Blanco,0,0,0,0,0,0,0,0,0,0,0,0,0,0,0
778,Carlos Augusto Celis,0,0,0,0,0,0,0,0,0,0,0,0,3,0,0
796,Carlos Emiro Barriga,0,0,0,0,0,0,0,0,0,0,0,1,4,5,0
820,Carlos Fernando Motoa,0,0,0,0,0,0,0,0,0,0,0,17,20,7,0
853,Carlos Julio Gonzalez,0,0,0,0,0,0,0,0,0,0,0,8,7,3,1
893,Carmen Cecilia Gutierrez,0,0,0,0,0,0,0,0,0,0,0,1,2,0,0
984,Charles William Schultz,0,0,0,0,0,0,0,0,0,0,0,0,0,0,0
1009,Clara Isabel Pinillos,0,0,0,0,0,0,0,0,0,0,0,0,0,0,0
1043,Consuelo Gonzalez,0,0,0,0,0,0,0,0,0,0,0,0,0,0,0
1065,Dairo Jose Bustillo,0,0,0,0,0,0,0,0,0,0,0,0,3,0,0
1092,Dario Martinez,0,0,0,0,0,0,0,0,0,0,0,0,0,0,0
1159,Diego Alberto Naranjo,0,0,0,0,0,0,0,0,0,0,0,0,0,0,0
1207,Dumith Antonio Nader,0,0,0,0,0,0,0,0,0,0,0,1,0,0,0
1240,Edgar Alfonso Gomez,0,0,0,0,0,0,0,0,0,0,0,0,2,4,0
1332,Eduardo De Jesus Arango,0,0,0,0,0,0,0,0,0,0,0,0,0,0,0
1366,Efren Palacios,0,0,0,0,0,0,0,0,0,0,0,0,0,0,0
1379,Elias Raad,0,0,0,0,0,0,0,0,0,0,0,0,0,0,0
1409,Elver Arango,0,0,0,0,0,0,0,0,0,0,0,0,0,0,0
1462,Ernesto Zuluaga,0,0,0,0,0,0,0,0,0,0,0,0,0,0,0
1569,Felipe Fabian Orozco,0,0,0,0,0,0,0,0,0,0,0,5,6,3,0
1671,Francisco Rojas,0,0,0,0,0,0,0,0,0,0,0,0,0,0,0
1732,Fuad Emilio Rapag,0,0,0,0,0,0,0,0,0,0,0,0,0,2,0
1758,Gabriel Ignacio Zapata,0,0,0,0,0,0,0,0,0,0,0,1,0,0,0
1788,Gerardo Antonio Jumi,0,0,0,0,0,0,0,0,0,0,0,0,0,0,0
1824,German Velasquez,0,0,0,0,0,0,0,0,0,0,0,0,0,0,0
1838,German Dario Hoyos,0,0,0,0,0,0,0,0,0,0,0,0,1,1,0
1883,Gina Maria Parody,0,0,0,0,0,0,0,0,0,0,0,1,0,0,0
1952,Gullermo Botero,0,0,0,0,0,0,0,0,0,0,0,0,0,0,0
1984,Guillermo Abel Rivera,0,0,0,0,0,0,0,0,0,0,0,0,0,0,0
2013,Gustavo Catano,0,0,0,0,0,0,0,0,0,0,0,0,0,0,0
2055,Gustavo Francisco Petro,0,0,0,0,0,0,0,0,0,0,0,2,1,0,0
2108,Hector Heli Rojas,0,0,0,0,0,0,0,0,0,0,0,66,138,10,0
2143,Hemel Hurtado,0,0,0,0,0,0,0,0,0,0,0,0,0,0,0
2195,Hernan Francisco Andrade,0,0,0,0,0,0,0,0,0,0,0,1,1,1,9
2276,Hugo Serrano,0,0,0,0,0,0,0,0,0,0,0,0,0,0,0
2314,Ignacio Antonio Javela,0,0,0,0,0,0,0,0,0,0,0,0,1,0,0
2334,Ismael De Jesus Aldana,0,0,0,0,0,0,0,0,0,0,0,0,0,0,0
2361,Jack Housni,0,0,0,0,0,0,0,0,0,0,0,0,0,0,0
2387,Jaime Dussan,0,0,0,0,0,0,0,0,0,0,0,0,0,0,0
2432,Jaime Armando Yepes,0,0,0,0,0,0,0,0,0,0,0,1,0,0,1
2452,Jaime Rodrigo Vargas,0,0,0,0,0,0,0,0,0,0,0,0,0,0,0
2514,Jairo Enrique Merlano,0,0,0,0,0,0,0,0,0,0,0,3,0,0,0
2554,Javier Leonardo Cubides,0,0,0,0,0,0,0,0,0,0,0,0,0,0,0
2583,Jesus Angel Carrizosa,0,0,0,0,0,0,0,0,0,0,0,0,0,0,0
2617,Jesus Leon Puello,0,0,0,0,0,0,0,0,0,0,0,0,0,0,1
2684,John Jairo Velasquez,0,0,0,0,0,0,0,0,0,0,1,5,9,6,3
2736,Jorge Anibal Visbal,0,0,0,0,0,0,0,0,0,0,0,0,0,0,0
2747,Jorge Carmelo Perez,0,0,0,0,0,0,0,0,0,0,0,0,0,0,0
2760,Jorge Eliecer Ballesteros,0,0,0,0,0,0,0,0,0,0,0,0,0,2,0
2779,Jorge Enrique Gomez,0,0,0,0,0,0,0,0,0,0,0,6,2,2,3
2789,Jorge Enrique Rozo,0,0,0,0,0,0,0,0,0,0,0,0,7,1,0
2808,Jorge Humberto Mantilla,0,0,0,0,0,0,0,0,0,0,0,1,2,0,0
2836,Jorge Luis Caballero,0,0,0,0,0,0,0,0,0,0,5,12,10,3,6
2931,Jose Antonio Llinas,0,0,0,0,0,0,0,0,0,0,0,0,0,0,0
2941,Jose Aristides Andrade,0,0,0,0,0,0,0,0,0,0,0,0,0,2,2
2980,Jose Edilberto Restrepo,0,0,0,0,0,0,0,0,0,0,0,0,0,0,0
3006,Jose Gonzalo Gutierrez,0,0,0,0,0,0,0,0,0,0,0,1,0,0,0
3031,Jose Ignacio Mesa,0,0,0,0,0,0,0,0,0,0,0,0,0,0,3
3082,Jose Manuel Herrera,0,0,0,0,0,0,0,0,0,0,0,7,5,2,1
3112,Jose Oscar Gonzalez,0,0,0,0,0,0,0,0,0,0,0,0,0,0,0
3129,Jose Renan Trujillo,0,0,0,0,0,0,0,0,0,0,0,8,1,4,0
3170,Juan Lozano,0,0,0,0,0,0,0,0,0,0,0,0,0,0,0
3219,Juan Carlos Velez,0,0,0,0,0,0,0,0,0,0,1,42,25,16,20
3238,Juan Fernando Cristo,0,0,0,0,0,0,0,0,0,0,0,90,63,49,59
3269,Juan Manuel Galan,0,0,0,0,0,0,0,0,0,0,2,41,74,58,43
3280,Juan Martin Caicedo,0,0,0,0,0,0,0,0,0,0,2,15,18,14,18
3328,Julio Cesar Gomez,0,0,0,0,0,0,0,0,0,0,0,0,0,0,1
3360,Juvenal De Los Rios,0,0,0,0,0,0,0,0,0,0,0,0,0,0,0
3418,Leonor Gonzalez,0,0,0,0,0,0,0,0,0,0,0,0,0,0,0
3460,Liliana Maria Rendon,0,0,0,0,0,0,0,0,0,0,0,0,0,2,0
3545,Luis Alberto Gil,0,0,0,0,0,0,0,0,0,0,4,18,14,18,47
3605,Luis Carlos Ordosgoitia,0,0,0,0,0,0,0,0,0,0,3,12,2,0,0
3639,Luis Eduardo Vives,0,0,0,0,0,0,0,0,0,0,3,28,9,9,2
3651,Luis Enrique Dussan,0,0,0,0,0,0,0,0,0,0,0,3,9,2,0
3690,Luis Fernando Duque,0,0,0,0,0,0,0,0,0,0,0,6,7,5,0
3747,Luis Humberto Gomez,0,0,0,0,0,0,0,0,0,0,4,24,13,35,23
3866,Manuel Guillermo Mora,0,0,0,0,0,0,0,0,0,0,0,0,2,3,1
3881,Manuel Ramiro Velasquez,0,0,0,0,0,0,0,0,0,0,1,7,5,5,1
3943,Maria Clementina Velez,0,0,0,0,0,0,0,0,0,0,0,0,0,0,0
3996,Maria Margarita Londono,0,0,0,0,0,0,0,0,0,0,0,0,0,0,0
4051,Mario Restrepo,0,0,0,0,0,0,0,0,0,0,0,0,0,0,0
4073,Mario Salomon Nader,0,0,0,0,0,0,0,0,0,0,0,4,3,2,3
4130,Mauricio Pimiento,0,0,0,0,0,0,0,0,0,0,0,0,0,0,0
4194,Miguel Alfonso De La Espriella,0,0,0,0,0,0,0,0,0,0,0,7,2,2,1
4251,Milton Arlex Rodriguez,0,0,0,0,0,0,0,0,0,0,0,0,0,1,0
4292,Nancy Patricia Gutierrez,0,0,0,0,0,0,0,0,0,0,3,121,48,26,24
4370,Nicolas Uribe,0,0,0,0,0,0,0,0,0,0,0,0,0,0,0
4412,Odin Horacio Sanchez,0,0,0,0,0,0,0,0,0,0,0,0,0,0,0
4443,Omar De Jesus Florez,0,0,0,0,0,0,0,0,0,0,0,0,1,0,0
4487,Orlando Antonio Montoya,0,0,0,0,0,0,0,0,0,0,0,0,0,0,0
4521,Oscar Dario Perez,0,0,0,0,0,0,0,0,0,0,0,14,16,1,3
4527,Oscar De Jesus Suarez,0,0,0,0,0,0,0,0,0,0,0,0,0,0,0
4547,Oscar Mauricio Lizcano,0,0,0,0,0,0,0,0,0,0,0,13,1,1,0
4626,Pedro Antonio Aguirre,0,0,0,0,0,0,0,0,0,0,0,0,0,0,0
4662,Pedro Mary Muvdi,0,0,0,0,0,0,0,0,0,0,0,0,0,0,0
4686,Piedad Esneda Cordoba,0,0,0,0,0,0,0,0,0,0,0,0,0,1,1
4710,Rafael Guzman,0,0,0,0,0,0,0,0,0,0,0,0,0,0,0
4779,Ramon Elias Lopez,0,0,0,0,0,0,0,0,0,0,0,0,3,1,0
4821,Ricardo Arias,0,0,0,0,0,0,0,0,0,0,0,0,0,0,0
4877,River Franklin Legro,0,0,0,0,0,0,0,0,0,0,0,3,0,0,0
4910,Roberto Victor Gerlein,0,0,0,0,0,0,0,0,0,0,0,0,0,1,0
4949,Rodrigo Romero,0,0,0,0,0,0,0,0,0,0,0,0,0,0,0
4993,Roy Leonardo Barreras,0,0,0,0,0,0,0,0,0,0,0,0,0,2,2
5040,Samuel Ortegon,0,0,0,0,0,0,0,0,0,0,0,0,0,0,0
5058,Santiago Castro,0,0,0,0,0,0,0,0,0,0,0,0,0,0,0
5128,Tania Alvarez,0,0,0,0,0,0,0,0,0,0,0,0,0,0,0
5167,Tony Jozame,0,0,0,0,0,0,0,0,0,0,0,0,0,0,0
5191,Vicente Blel,0,0,0,0,0,0,0,0,0,0,0,0,0,0,0
5234,Victor Renan Barco,0,0,0,0,0,0,0,0,0,0,0,14,16,9,6
5283,William Dario Sicacha,0,0,0,0,0,0,0,0,0,0,0,0,1,0,0
5316,Wilson Alfonso Borja,0,0,0,0,0,0,0,0,0,0,0,0,0,0,2
5373,Zulema Del Carmen Jattin,0,0,0,0,0,0,0,0,0,0,0,0,0,0,0
5430,Jose Jairo Cuellar,0,0,0,0,0,0,0,0,0,0,0,0,0,0,0
5479,Edgar Antonio Valderrama,0,0,0,0,0,0,0,0,0,0,0,0,0,0,0
5612,Camilo Nelson Astaiza,0,0,0,0,0,0,0,0,0,0,0,0,0,0,0
5684,Nelson Gerardo Figueroa,0,0,0,0,0,0,0,0,0,0,0,0,0,0,0
5739,Jose Manuel Gonzalez,0,0,0,0,0,0,0,0,0,0,0,4,4,8,3
5885,Jose Orlando Mora,0,0,0,0,0,0,0,0,0,0,0,0,0,0,0
5966,Heberth Artunduaga,0,0,0,0,0,0,0,0,0,0,0,0,0,0,0
6082,Ricardo Alfredo Obando,0,0,0,0,0,0,0,0,0,0,0,0,0,0,0
6179,Maria Violeta Nino,0,0,0,0,0,0,0,0,0,0,0,1,5,2,0
6375,Jairo Diaz,0,0,0,0,0,0,0,0,0,0,0,0,0,0,0
6436,Alonso De Jesus Ramirez,0,0,0,0,0,0,0,0,0,0,0,5,0,0,0
6509,Hernando Jose Escobar,0,0,0,0,0,0,0,0,0,0,0,0,0,0,0
6541,Carlos Alberto Cuenca,0,0,0,0,0,0,0,0,0,0,0,0,0,0,0
9000,Myriam Abadia,0,0,0,0,0,0,0,0,0,0,0,0,0,0,0
9004,Gustavo Amado,0,0,0,0,0,0,0,0,0,0,0,0,0,0,0
9008,Yamil Aranda,0,0,0,0,0,0,0,0,0,0,0,0,0,0,0
9012,Maria Teresa Arizabaleta,0,0,0,0,0,0,0,0,0,0,0,0,0,0,0
9016,Henry Barbosa,0,0,0,0,0,0,0,0,0,0,0,0,0,0,0
9020,Tirso Beltran,0,0,0,0,0,0,0,0,0,0,0,0,0,0,0
9024,Jesus Hermes Bolanos,0,0,0,0,0,0,0,0,0,0,0,0,0,0,0
9028,Otto Bula,0,0,0,0,0,0,0,0,0,0,0,0,0,0,0
9032,Francisco Elias Canon,0,0,0,0,0,0,0,0,0,0,0,0,0,0,0
9036,Antonio Jose Caro,0,0,0,0,0,0,0,0,0,0,0,0,1,0,0
9040,Jeremias Carrillo,0,0,0,0,0,0,0,0,0,0,0,0,0,0,0
9044,Jose Gabriel Castro,0,0,0,0,0,0,0,0,0,0,0,0,0,0,0
9048,Ivan Correa,0,0,0,0,0,0,0,0,0,0,0,0,0,0,0
9052,Edgar Cote,0,0,0,0,0,0,0,0,0,0,0,0,0,0,0
9056,Plinio Humberto D'Paola,0,0,0,0,0,0,0,0,0,0,0,0,0,0,0
9060,Luis Carlos Delgado,0,0,0,0,0,0,0,0,0,0,0,0,0,2,5
9064,Jose Domingo Duarte,0,0,0,0,0,0,0,0,0,0,0,0,0,0,0
9068,Miryam Yudy Echeverry,0,0,0,0,0,0,0,0,0,0,0,0,0,0,0
9072,Jose Alfredo Escobar,0,0,0,0,0,0,0,0,0,0,1,9,24,13,9
9076,Rubiel Orlando Espinosa,0,0,0,0,0,0,0,0,0,0,0,0,0,0,0
9080,Jose Maria Franco,0,0,0,0,0,0,0,0,0,0,0,0,1,0,0
9084,Francisco Miguel Garces,0,0,0,0,0,0,0,0,0,0,0,0,0,0,0
9088,Juan Manuel Gomez,0,0,0,0,0,0,0,0,0,0,0,1,4,1,0
9092,Jose Manuel Gonzalez,0,0,0,0,0,0,0,0,0,0,0,4,4,8,3
9096,Juan Diego Gonzalez,0,0,0,0,0,0,0,0,0,0,0,0,6,0,6
9100,Santiago Manuel Guerrero,0,0,0,0,0,0,0,0,0,0,0,0,0,0,0
9104,Edgar De Jesus Guzman,0,0,0,0,0,0,0,0,0,0,0,0,0,0,0
9108,Fabio Henao,0,0,0,0,0,0,0,0,0,0,0,0,0,0,0
9112,Marco Tulio Hernandez,0,0,0,0,0,0,0,0,0,0,0,0,0,0,0
9116,Julio Ibarguen,0,0,0,0,0,0,0,0,0,0,0,0,0,0,0
9120,Marceliano Jimioy,0,0,0,0,0,0,0,0,0,0,0,0,0,0,0
9124,Jose Arley Lopez,0,0,0,0,0,0,0,0,0,0,0,0,0,0,0
9128,Nazlly Lugo,0,0,0,0,0,0,0,0,0,0,0,0,0,0,0
9132,Alfonso Mattos,0,0,0,0,0,0,0,0,0,0,0,0,0,0,0
9136,Juan Miguel Mejia,0,0,0,0,0,0,0,0,0,0,0,0,0,0,0
9140,Claribel Mejia,0,0,0,0,0,0,0,0,0,0,0,0,0,0,0
9144,Jorge Augusto Merino,0,0,0,0,0,0,0,0,0,0,0,0,0,0,0
9148,Francisco Mora,0,0,0,0,0,0,0,0,0,0,0,0,0,0,0
9152,Miguel M. Morera,0,0,0,0,0,0,0,0,0,0,0,0,0,0,0
9156,Luis Antonio Motta,0,0,0,0,0,0,0,0,0,0,0,0,0,0,0
9160,Jose Jaime Nicholls,0,0,0,0,0,0,0,0,0,0,0,0,0,0,0
9164,Gustavo Rafael Orozco,0,0,0,0,0,0,0,0,0,0,0,0,0,0,0
9168,Carlos Oyaga,0,0,0,0,0,0,0,0,0,0,0,0,0,0,0
9172,Menfis Palacios,0,0,0,0,0,0,0,0,0,0,0,0,0,0,0
9176,Raul Pava,0,0,0,0,0,0,0,0,0,0,0,0,0,0,0
9180,Alfonso Pinto,0,0,0,0,0,0,0,0,0,0,0,0,0,0,0
9184,Gloria Quiceno,0,0,0,0,0,0,0,0,0,0,0,0,0,0,0
9188,Luz Amparo Ramirez,0,0,0,0,0,0,0,0,0,0,0,1,0,0,0
9192,Jaime Alonso Ramirez,0,0,0,0,0,0,0,0,0,0,0,0,0,0,0
9196,Pablo Emilio Rebolledo,0,0,0,0,0,0,0,0,0,0,0,0,0,0,0
9200,Luis Hector Rodriguez,0,0,0,0,0,0,0,0,0,0,0,0,0,0,0
9204,Luis German Rojas,0,0,0,0,0,0,0,0,0,0,0,0,0,0,0
9208,Samuel Ruiz,0,0,0,0,0,0,0,0,0,0,0,0,0,0,0
9212,Martha Lucia Salamanca,0,0,0,0,0,0,0,0,0,0,0,0,0,0,0
9216,Carlos Alberto Santacoloma,0,0,0,0,0,0,0,0,0,0,0,0,0,0,0
9220,Miguel Angel Santos,0,0,0,0,0,0,0,0,0,0,0,0,0,0,0
9224,Alvaro Angel Serrano,0,0,0,0,0,0,0,0,0,0,0,0,0,0,0
9228,Jorge Humberto Tejada,0,0,0,0,0,0,0,0,0,0,0,0,0,0,0
9232,Blanca Torres,0,0,0,0,0,0,0,0,0,0,0,0,0,0,0
9236,Alejandra Maria Trespalacios,0,0,0,0,0,0,0,0,0,0,0,0,0,0,0
9240,Juan Gabriel Uribe,0,0,0,0,0,0,0,0,0,0,0,7,10,24,10
9244,Margarita Vasquez,0,0,0,0,0,0,0,0,0,0,0,0,0,0,0
9248,Sandra Elena Villadiego,0,0,0,0,0,0,0,0,0,0,0,0,0,0,0
9252,Elder Antonio Villegas,0,0,0,0,0,0,0,0,0,0,0,0,0,0,0
9256,Guillermo Javier Zapata,0,0,0,0,0,0,0,0,0,0,0,0,0,0,0
9260,Rodrigo Antonio Burgos,0,0,0,0,0,0,0,0,0,0,0,1,0,0,0
9264,Ilse Caceres,0,0,0,0,0,0,0,0,0,0,0,0,0,0,0
9268,Harold Morales,0,0,0,0,0,0,0,0,0,0,0,0,0,0,0
9273,Claudia Janneth Wilches,0,0,0,0,0,0,0,0,0,0,0,0,0,0,0
9277,Alberto Chegwin,0,0,0,0,0,0,0,0,0,0,0,0,0,0,0
9281,Carlos H. Andrade,0,0,0,0,0,0,0,0,0,0,0,0,0,0,0
9285,Jorge Enrique Berrio,0,0,0,0,0,0,0,0,0,0,0,0,2,0,0
9289,Jairo Enrique Romero,0,0,0,0,0,0,0,0,0,0,0,0,0,0,1
9293,Oliver Rayo,0,0,0,0,0,0,0,0,0,0,0,0,0,0,0
9297,Jose Elias Cruz,0,0,0,0,0,0,0,0,0,0,0,0,0,0,0
9301,Nelson Naranjo,0,0,0,0,0,0,0,0,0,0,0,0,0,0,0
9305,Jorge Oscar Lopez,0,0,0,0,0,0,0,0,0,0,0,0,0,0,0
9309,Jose Ignacio Gallego,0,0,0,0,0,0,0,0,0,0,0,0,0,0,0
9313,Roman Augusto Arteta,0,0,0,0,0,0,0,0,0,0,0,0,0,0,0
9317,Luz Nidia Martinez,0,0,0,0,0,0,0,0,0,0,0,0,0,0,0
9321,Jorge Eliecer Arango,0,0,0,0,0,0,0,0,0,0,0,0,0,0,0
9325,Jose Joaquin Vence,0,0,0,0,0,0,0,0,0,0,0,0,0,0,0
9329,Marta Lucia Mendez,0,0,0,0,0,0,0,0,0,0,0,0,0,0,0
9333,Nicanor Madrid,0,0,0,0,0,0,0,0,0,0,0,0,0,0,0
9337,Hernando De Jesus Gallego,0,0,0,0,0,0,0,0,0,0,0,0,0,0,0
9341,Jose Antonio Mora,0,0,0,0,0,0,0,0,0,0,0,0,1,0,1
9345,Carlos Julio Galvis,0,0,0,0,0,0,0,0,0,0,0,0,0,0,1
9349,Cesar Augusto Andrade,0,0,0,0,0,0,0,0,0,0,0,0,0,0,1
9353,Eleuterio Cordoba,0,0,0,0,0,0,0,0,0,0,0,0,0,0,0
9357,Gustavo Alonso Bustamante,0,0,0,0,0,0,0,0,0,0,0,0,0,0,0
9362,Guillermo Leon Galvis,0,0,0,0,0,0,0,0,0,0,0,0,0,0,0
56,Agustin Gutierrez,0,0,0,0,0,0,0,0,0,0,0,0,0,0,0
114,Alberto Buenaventura Viteri,0,0,0,0,0,0,0,0,0,0,0,0,0,0,0
196,Alfonso Valdivieso,0,0,0,0,0,0,0,0,0,0,0,0,0,0,0
222,Alfredo Ape Cuello,0,0,0,0,0,0,0,0,0,0,0,0,2,4,1
253,Alvaro Araujo,0,0,0,0,0,0,0,0,0,0,0,0,0,0,0
334,Amanda Ricardo,0,0,0,0,0,0,0,0,0,0,0,0,0,0,0
426,Antenor Duran,0,0,0,0,0,0,0,0,0,0,0,0,0,0,0
459,Antonio Jose Navarro,0,0,0,0,0,0,0,0,0,0,0,0,0,0,0
503,Armando Alberto Benedetti,0,0,0,0,0,0,0,0,0,0,0,0,0,1,1
592,Bernabe Celis,0,0,0,0,0,0,0,0,0,0,0,0,0,0,0
632,Buenaventura Leon,0,0,0,0,0,0,0,0,0,0,0,0,0,0,0
659,Carlos Ardila,0,0,0,0,0,0,0,0,0,0,0,0,0,0,0
718,Carlos Alberto Marin,0,0,0,0,0,0,0,0,0,0,0,0,0,0,0
758,Carlos Arturo Galvez,0,0,0,0,0,0,0,0,0,0,0,0,1,0,0
780,Carlos Cardenas,0,0,0,0,0,0,0,0,0,0,0,0,0,0,0
799,Carlos Enrique Alvarado,0,0,0,0,0,0,0,0,0,0,0,0,0,1,0
825,Carlos German Navas,0,0,0,0,0,0,0,0,0,0,0,0,0,0,0
876,Carlos Ramiro Chavarro,0,0,0,0,0,0,0,0,0,0,0,23,12,10,10
930,Cesar Garcia,0,0,0,0,0,0,0,0,0,0,0,0,0,0,0
990,Cilia Penalver,0,0,0,0,0,0,0,0,0,0,0,0,0,0,0
1011,Claudia Blum,0,0,0,0,0,0,0,0,0,0,0,0,0,0,0
1046,Crisanto Pizo,0,0,0,0,0,0,0,0,0,0,0,0,0,0,0
1086,Dario Angarita,0,0,0,0,0,0,0,0,0,0,0,0,0,0,0
1106,David Char,0,0,0,0,0,0,0,0,0,0,0,0,0,0,0
1180,Dilia Estrada,0,0,0,0,0,0,0,0,0,0,0,0,0,0,0
1211,Edgar Artunduaga,0,0,0,0,0,0,0,0,0,0,0,0,0,0,0
1252,Edgar Eulices Torres,0,0,0,0,0,0,0,0,0,0,0,0,0,0,0
1334,Eduardo Enrique Perez,0,0,0,0,0,0,0,0,0,0,0,0,0,0,0
1367,Efren Antonio Hernandez,0,0,0,0,0,0,0,0,0,0,0,0,0,0,0
1389,Eliseo Filigrana,0,0,0,0,0,0,0,0,0,0,0,0,0,0,0
1429,Emith Montilla,0,0,0,0,0,0,0,0,0,0,0,0,0,0,0
1464,Ernesto De Jesus Mesa,0,0,0,0,0,0,0,0,0,0,0,0,0,0,0
1599,Fernando De La Pena,0,0,0,0,0,0,0,0,0,0,0,0,0,0,0
1681,Francisco Alfonso Pareja,0,0,0,0,0,0,0,0,0,0,0,0,0,0,0
1733,Fuad Ricardo Char,0,0,0,0,0,0,0,0,0,0,0,0,0,2,0
1771,Gema Lopez,0,0,0,0,0,0,0,0,0,0,0,0,0,0,0
1795,German Agudelo,0,0,0,0,0,0,0,0,0,0,0,0,0,0,0
1825,German Villegas,0,0,0,0,0,0,0,0,0,0,0,0,0,0,0
1841,German Enrique Reyes,0,0,0,0,0,0,0,0,0,0,0,6,6,0,0
1913,Gloria Ines Ramirez,0,0,0,0,0,0,0,0,0,0,1,26,21,12,13
1956,Guillermo Chavez,0,0,0,0,0,0,0,0,0,0,0,0,0,0,0
1985,Guillermo Alfonso Jaramillo,0,0,0,0,0,0,0,0,0,0,1,3,7,2,2
2019,Gustavo Adolfo Guerra,0,0,0,0,0,0,0,0,0,0,0,0,0,0,0
2061,Habib Merheg,0,0,0,0,0,0,0,0,0,0,0,0,0,0,0
2117,Hector Javier Osorio,0,0,0,0,0,0,0,0,0,0,0,1,0,0,0
2144,Hemel Hurtado,0,0,0,0,0,0,0,0,0,0,0,0,0,0,0
2208,Hernando Betancourt,0,0,0,0,0,0,0,0,0,0,0,0,0,0,0
2289,Hugo Ernesto Zarrate,0,0,0,0,0,0,0,0,0,0,0,0,0,0,0
2323,Irma Edilsa Caro,0,0,0,0,0,0,0,0,0,0,0,0,0,0,0
2336,Israel Obregon,0,0,0,0,0,0,0,0,0,0,0,0,0,0,0
2367,Jacobo Faustino Gomez,0,0,0,0,0,0,0,0,0,0,0,0,0,0,0
2409,Jaime Puentes,0,0,0,0,0,0,0,0,0,0,0,0,0,0,0
2437,Jaime De Jesus Restrepo,0,0,0,0,0,0,0,0,0,0,0,0,0,0,0
2470,Jairo Mantilla,0,0,0,0,0,0,0,0,0,0,0,0,0,0,0
2525,Jairo Raul Clopatofsky,0,0,0,0,0,0,0,0,0,0,0,0,1,0,0
2556,Javier Miguel Vargas,0,0,0,0,0,0,0,0,0,0,0,0,0,2,0
2585,Jesus Antonio Bernal,0,0,0,0,0,0,0,0,0,0,0,1,3,2,0
2654,Jimenez Walters,0,0,0,0,0,0,0,0,0,0,0,0,0,0,0
2724,Jorge Alberto Garcia-Herreros,0,0,0,0,0,0,0,0,0,0,0,0,1,0,0
2738,Jorge Antonio Trujillo,0,0,0,0,0,0,0,0,0,0,0,0,0,2,0
2748,Jorge De Jesus Castro,0,0,0,0,0,0,0,0,0,0,0,1,0,2,0
2764,Jorge Eliecer Coral,0,0,0,0,0,0,0,0,0,0,0,0,0,0,0
2780,Jorge Enrique Gomez,0,0,0,0,0,0,0,0,0,0,0,6,2,2,3
2791,Jorge Enrique Velez,0,0,0,0,0,0,0,0,0,0,0,9,25,11,26
2815,Jorge Ignacio Morales,0,0,0,0,0,0,0,0,0,0,0,2,1,0,1
2839,Jorge Luis Feris,0,0,0,0,0,0,0,0,0,0,0,5,0,1,2
2933,Jose Antonio Name,0,0,0,0,0,0,0,0,0,0,0,0,0,0,0
2958,Jose Dario Salazar,0,0,0,0,0,0,0,0,0,0,0,15,13,34,132
2992,Jose Fabio Rojas,0,0,0,0,0,0,0,0,0,0,0,0,0,0,0
3021,Jose Hernando,0,0,0,0,0,0,0,0,0,0,0,0,0,0,0
3048,Jose Joaquin Camelo,0,0,0,0,0,0,0,0,0,0,0,0,0,0,0
3087,Jose Maria Imbett,0,0,0,0,0,0,0,0,0,0,0,2,0,0,0
3115,Jose Rafael Camacho,0,0,0,0,0,0,0,0,0,0,0,0,0,0,0
3139,Jose Sebastian Silva,0,0,0,0,0,0,0,0,0,0,0,0,0,0,0
3201,Juan Carlos Martinez,0,0,0,0,0,0,0,0,0,0,0,23,39,38,37
3221,Juan De Dios Alfonso,0,0,0,0,0,0,0,0,0,0,0,1,1,0,0
3250,Juan Hurtado,0,0,0,0,0,0,0,0,0,0,0,0,0,0,0
3271,Juan Manuel Hernandez,0,0,0,0,0,0,0,0,0,0,0,3,0,1,0
3281,Juan Martin Hoyos,0,0,0,0,0,0,0,0,0,0,0,0,3,1,0
3329,Julio Cesar Guerra,0,0,0,0,0,0,0,0,0,0,0,1,2,1,0
3384,Lazaro Calderon,0,0,0,0,0,0,0,0,0,0,0,0,0,0,0
3422,Leonor Mary Marmolejo,0,0,0,0,0,0,0,0,0,0,0,0,0,0,0
3479,Lorenzo Almendra,0,0,0,0,0,0,0,0,0,0,0,0,0,0,0
3548,Luis Alberto Monsalvo,0,0,0,0,0,0,0,0,0,0,0,0,0,0,0
3608,Luis Carlos Restrepo,0,0,0,0,0,0,0,0,0,0,46,170,303,51,79
3640,Luis Eladio Perez,0,0,0,0,0,0,0,0,0,0,11,177,51,24,3
3662,Luis Enrique Salas,0,0,0,0,0,0,0,0,0,0,0,2,0,0,1
3710,Luis Fernando Velasco,0,0,0,0,0,0,0,0,0,0,0,39,29,34,32
3755,Luis Jairo Ibarra,0,0,0,0,0,0,0,0,0,0,0,2,2,0,0
3872,Manuel Jose Caroprese,0,0,0,0,0,0,0,0,0,0,0,0,0,0,0
3898,Marco Alirio Cortes,0,0,0,0,0,0,0,0,0,0,0,0,8,1,0
3975,Maria Eugenia Jaramillo,0,0,0,0,0,0,0,0,0,0,0,0,0,1,0
4013,Maria Stella Duque,0,0,0,0,0,0,0,0,0,0,0,0,0,0,0
4056,Mario Uribe,0,0,0,0,0,0,0,0,0,0,0,0,0,0,0
4074,Mario Suarez,0,0,0,0,0,0,0,0,0,0,0,0,0,0,0
4152,Maximiliano Soler,0,0,0,0,0,0,0,0,0,0,0,0,0,0,0
4201,Miguel Angel Duran,0,0,0,0,0,0,0,0,0,0,0,3,0,0,0
4278,Muriel De Jesus Benitorebollo,0,0,0,0,0,0,0,0,0,0,0,0,0,0,0
4338,Nestor Alvarez,0,0,0,0,0,0,0,0,0,0,0,0,0,0,0
4381,Nidya Haddad Mejia,0,0,0,0,0,0,0,0,0,0,0,0,0,0,0
4414,Olano Portela,0,0,0,0,0,0,0,0,0,0,0,0,0,0,0
4464,Orlando Beltran,0,0,0,0,0,0,0,0,0,0,0,0,0,0,0
4493,Orsinia Patricia Polanco,0,0,0,0,0,0,0,0,0,0,0,2,0,0,0
4523,Oscar De Jesus Hurtado,0,0,0,0,0,0,0,0,0,0,0,0,1,0,0
4544,Oscar Josue Reyes,0,0,0,0,0,0,0,0,0,0,0,2,2,5,9
4552,Oscar Tulio Lizcano,0,0,0,0,0,0,0,0,0,0,1,150,32,7,3
4627,Pedro Antonio Jimenez,0,0,0,0,0,0,0,0,0,0,0,0,0,0,0
4668,Pedro Nelson Pardo,0,0,0,0,0,0,0,0,0,0,1,2,1,0,5
4689,Plinio Edilberto Olano,0,0,0,0,0,0,0,0,0,0,0,0,0,1,0
4713,Rafael Orduz,0,0,0,0,0,0,0,0,0,0,0,0,0,0,0
4800,Raul Gonzalo Gomez,0,0,0,0,0,0,0,0,0,0,0,0,0,0,0
4845,Ricardo Zapata,0,0,0,0,0,0,0,0,0,0,0,0,0,0,0
4878,Robert Mendoza,0,0,0,0,0,0,0,0,0,0,0,0,0,0,0
4915,Rocio Arias,0,0,0,0,0,0,0,0,0,0,0,0,0,0,0
4975,Roosvelt Rodriguez,0,0,0,0,0,0,0,0,0,0,0,0,0,0,0
5006,Ruben Dario Quintero,0,0,0,0,0,0,0,0,0,0,0,29,10,9,4
5044,Samuel Benjamin Arrieta,0,0,0,0,0,0,0,0,0,0,0,8,6,2,0
5075,Segundo Eduardo Romo,0,0,0,0,0,0,0,0,0,0,0,0,0,0,0
5132,Tarquino Pacheco,0,0,0,0,0,0,0,0,0,0,0,0,0,0,0
5173,Tulio Cesar Bernal,0,0,0,0,0,0,0,0,0,0,1,0,2,5,0
5205,Victor Velasquez,0,0,0,0,0,0,0,0,0,0,0,0,0,0,0
5254,Walter De Jesus Lopez,0,0,0,0,0,0,0,0,0,0,0,0,0,1,0
5284,William De Jesus Ortega,0,0,0,0,0,0,0,0,0,0,0,0,0,0,0
5327,Wladimiro Garces,0,0,0,0,0,0,0,0,0,0,0,0,0,0,0
5387,Zaida Marina Yanet Lindarte,0,0,0,0,0,0,0,0,0,0,0,0,0,0,0
5456,Miguel Amin,0,0,0,0,0,0,0,0,0,0,0,0,0,0,0
5513,Gustavo Hernan Puentes,0,0,0,0,0,0,0,0,0,0,0,0,0,0,0
5627,Miguel Angel Rangel,0,0,0,0,0,0,0,0,0,0,0,4,7,15,2
5695,Hernando Chagres,0,0,0,0,0,0,0,0,0,0,0,0,0,0,0
5765,John Jairo Iguaran,0,0,0,0,0,0,0,0,0,0,0,0,0,0,0
5890,Luis Fernando Vanegas,0,0,0,0,0,0,0,0,0,0,0,0,1,1,0
6009,Jose Maria Conde,0,0,0,0,0,0,0,0,0,0,0,7,5,2,3
6103,Alberto Mario Borrero,0,0,0,0,0,0,0,0,0,0,0,0,0,0,0
6234,Jairo Alberto Llano,0,0,0,0,0,0,0,0,0,0,0,0,8,2,2
6380,Eduardo Leon Lozano,0,0,0,0,0,0,0,0,0,0,0,0,0,0,0
6471,Carlos Arturo Avila,0,0,0,0,0,0,0,0,0,0,0,0,0,2,0
6515,Ramiro Velasquez,0,0,0,0,0,0,0,0,0,0,0,0,0,0,0
6557,Alvaro Pacheco,0,0,0,0,0,0,0,0,0,0,0,0,0,0,0
9001,Jesus Octavio Acosta,0,0,0,0,0,0,0,0,0,0,0,0,0,0,0
9005,Jose Gabriel Amin,0,0,0,0,0,0,0,0,0,0,0,0,0,0,0
9009,Jose Ignacio Arboleda,0,0,0,0,0,0,0,0,0,0,0,0,0,0,0
9013,Jose Amado Armendiz,0,0,0,0,0,0,0,0,0,0,0,0,0,0,0
9017,Jorge Carlos Barraza,0,0,0,0,0,0,0,0,0,0,1,0,1,0,1
9021,Jaime Beltran,0,0,0,0,0,0,0,0,0,0,0,0,0,0,0
9025,Juan Bautista Bonilla,0,0,0,0,0,0,0,0,0,0,0,0,0,0,0
9029,Janith Antonia Bula,0,0,0,0,0,0,0,0,0,0,0,0,0,0,0
9033,Justo Capera,0,0,0,0,0,0,0,0,0,0,0,0,0,0,0
9037,Margarita Rosa Caro,0,0,0,0,0,0,0,0,0,0,0,0,0,0,0
9041,Humberto Carrillo,0,0,0,0,0,0,0,0,0,0,0,0,0,0,0
9045,Jorge Eusebio Consuegra,0,0,0,0,0,0,0,0,0,0,0,0,0,0,0
9049,Juan Manuel Corredor,0,0,0,0,0,0,0,0,0,0,0,0,0,0,0
9053,Jairo Alonso Coy,0,0,0,0,0,0,0,0,0,0,0,0,0,0,0
9057,Rodrigo Alberto Daza,0,0,0,0,0,0,0,0,0,0,0,0,0,0,0
9061,Manuel Antonio Diaz,0,0,0,0,0,0,0,0,0,0,0,0,0,0,0
9065,Jose Gustavo Duque,0,0,0,0,0,0,0,0,0,0,0,0,0,0,0
9069,Dagoberto Emiliani,0,0,0,0,0,0,0,0,0,0,0,0,0,0,0
9073,Dagoberto Escobar,0,0,0,0,0,0,0,0,0,0,0,0,0,0,0
9077,Ana Lucia Fajardo,0,0,0,0,0,0,0,0,0,0,0,0,0,0,0
9081,Pablo Emilio Galindo,0,0,0,0,0,0,0,0,0,0,0,0,0,0,0
9085,Augusto Garcia,0,0,0,0,0,0,0,0,0,0,0,0,0,0,0
9089,Alvaro Jobanny Gomez,0,0,0,0,0,0,0,0,0,0,0,0,0,0,0
9093,Juan Manuel Gonzalez,0,0,0,0,0,0,0,0,0,0,1,2,2,0,1
9097,Fabio Granada,0,0,0,0,0,0,0,0,0,0,0,0,0,0,0
9101,Jose Gonzalo,0,0,0,0,0,0,0,0,0,0,0,0,0,0,0
9105,Lisimaco Guzman,0,0,0,0,0,0,0,0,0,0,0,0,0,0,0
9109,Angela Maria Henao,0,0,0,0,0,0,0,0,0,0,0,0,0,0,0
9113,Cesar Hincapie,0,0,0,0,0,0,0,0,0,0,0,0,0,0,0
9117,Jorge Eliecer Iglesias,0,0,0,0,0,0,0,0,0,0,0,0,0,0,0
9121,Gustavo Adolfo Lanziano,0,0,0,0,0,0,0,0,0,0,0,0,0,0,0
9125,Francisco Eduardo Lopreto,0,0,0,0,0,0,0,0,0,0,0,0,0,0,0
9129,Carlos Alberto Martin,0,0,0,0,0,0,0,0,0,0,0,0,0,0,0
9133,Carlos Jose Mattos,0,0,0,0,0,0,0,0,0,0,0,0,1,0,0
9137,Bertha Ines Mejia,0,0,0,0,0,0,0,0,0,0,0,0,0,0,0
9141,Alfredo Enrique Mendez,0,0,0,0,0,0,0,0,0,0,0,0,0,0,0
9145,Hugo Cesar Miranda,0,0,0,0,0,0,0,0,0,0,0,0,0,0,0
9149,Nelson Norberto Morales,0,0,0,0,0,0,0,0,0,0,0,0,0,0,0
9153,Emiliano Hernando Morillo,0,0,0,0,0,0,0,0,0,0,0,0,0,0,0
9157,Luis Mariano Murgas,0,0,0,0,0,0,0,0,0,0,0,0,0,0,0
9161,Doris Patricia Nino,0,0,0,0,0,0,0,0,0,0,0,0,0,0,0
9165,Jose Miller Ortiz,0,0,0,0,0,0,0,0,0,0,0,0,0,0,0
9169,Harold Raul Padilla,0,0,0,0,0,0,0,0,0,0,0,0,0,0,0
9173,Rafael Palau,0,0,0,0,0,0,0,0,0,0,0,0,0,0,0
9177,Pedro Miguel Penaloza,0,0,0,0,0,0,0,0,0,0,0,0,0,0,0
9181,Luis Antonio Pinzon,0,0,0,0,0,0,0,0,0,0,0,0,0,0,0
9185,Roberto Quintero,0,0,0,0,0,0,0,0,0,0,0,0,0,0,0
9189,Alba Esther Ramirez,0,0,0,0,0,0,0,0,0,0,0,0,0,0,0
9193,Juan Carlos Ramos,0,0,0,0,0,0,0,0,0,0,0,1,0,0,0
9197,Nader Restrepo,0,0,0,0,0,0,0,0,0,0,0,0,0,0,0
9201,Humberto Rodriguez,0,0,0,0,0,0,0,0,0,0,0,0,0,0,0
9205,Jairo Rojas,0,0,0,0,0,0,0,0,0,0,0,0,0,0,0
9209,Lynda Josefina Sabagh,0,0,0,0,0,0,0,0,0,0,0,0,0,0,0
9213,Jorge Ivan Salazar,0,0,0,0,0,0,0,0,0,0,0,1,0,1,0
9217,Leon Dario Santaella,0,0,0,0,0,0,0,0,0,0,0,0,0,0,0
9221,Carmen Saray,0,0,0,0,0,0,0,0,0,0,0,0,0,0,0
9225,Alfredo Taboada,0,0,0,0,0,0,0,0,0,0,0,0,0,0,0
9229,Omar De Jesus Tirado,0,0,0,0,0,0,0,0,0,0,0,0,0,0,0
9233,Pompilio Enrique Torres,0,0,0,0,0,0,0,0,0,0,0,0,0,0,0
9237,Marta Luz Ucros,0,0,0,0,0,0,0,0,0,0,0,0,0,0,0
9241,Fernando Vargas,0,0,0,0,0,0,0,0,0,0,0,0,0,0,0
9245,Gerardo Vecino,0,0,0,0,0,0,0,0,0,0,0,0,0,0,0
9249,Miguel Angel Villalobos,0,0,0,0,0,0,0,0,0,0,0,0,0,0,0
9253,Jose Ignacio Vives,0,0,0,0,0,0,0,0,0,0,0,2,1,0,2
9257,Francisco Javier Zapata,0,0,0,0,0,0,0,0,0,0,0,0,0,0,0
9261,Heriberto Cabal,0,0,0,0,0,0,0,0,0,0,0,0,0,0,0
9265,Hector Fernando Arboleda,0,0,0,0,0,0,0,0,0,0,0,0,0,0,0
9269,Ruben Dario Callejas,0,0,0,0,0,0,0,0,0,0,0,0,0,0,0
9274,Angel Antonio Daza,0,0,0,0,0,0,0,0,0,0,0,0,0,0,0
9278,Maria Cleofe Martinez,0,0,0,0,0,0,0,0,0,0,0,0,0,0,0
9282,Romny Butron,0,0,0,0,0,0,0,0,0,0,0,0,0,0,0
9286,Maria Consuelo Torrado,0,0,0,0,0,0,0,0,0,0,0,0,0,0,0
9290,Orlando Mario Cabana,0,0,0,0,0,0,0,0,0,0,0,0,0,0,0
9294,Luis Antonio Cuellar,0,0,0,0,0,0,0,0,0,0,0,0,0,0,0
9298,Julio Cesar Bastidas,0,0,0,0,0,0,0,0,0,0,0,0,0,0,0
9302,Pedro Jose Prada,0,0,0,0,0,0,0,0,0,0,0,0,0,0,0
9306,Freddy Geovanni Garcia,0,0,0,0,0,0,0,0,0,0,0,0,0,0,0
9310,Gonzalo Parra,0,0,0,0,0,0,0,0,0,0,0,0,0,0,0
9314,Alfonso Clavijo,0,0,0,0,0,0,0,0,0,0,0,0,0,0,0
9318,Carlos Manuel Choles,0,0,0,0,0,0,0,0,0,0,0,0,0,0,0
9322,Jorge Heriberto Torres,0,0,0,0,0,0,0,0,0,0,0,0,0,0,0
9326,Rafael Castillo,0,0,0,0,0,0,0,0,0,0,0,0,0,0,0
9330,Yolanda Pinto Afanador,0,0,0,0,0,0,0,0,0,0,0,0,0,0,0
9334,Carlos Alberto Estefan,0,0,0,0,0,0,0,0,0,0,0,0,0,0,0
9338,Moises Enrique Daza,0,0,0,0,0,0,0,0,0,0,0,0,0,0,0
9342,Carlos Alberto Barros,0,0,0,0,0,0,0,0,0,0,0,0,0,0,0
9346,Julio Cesar Rodriguez,0,0,0,0,0,0,0,0,0,0,0,0,0,0,0
9350,Oscar Emilio Sorza,0,0,0,0,0,0,0,0,0,0,0,0,0,0,0
9354,Modesto Ismael Beltran,0,0,0,0,0,0,0,0,0,0,0,0,0,0,0
9358,Orangel Romero,0,0,0,0,0,0,0,0,0,0,0,0,0,0,0
10000,Manuel Antonio Virguez,0,0,0,0,0,0,0,0,0,0,0,0,0,1,1
